article_id,accident_id,date_time,accident_type,location,text_start_char,text_end_char,temperature_2m,precipitation,windspeed_10m,cloud_cover,weather_code
4208,0,2024-12-04 17:00:00,collision,St Julian's,0,1908,17.6,0.0,9.8,100.0,3.0
4093,0,2024-12-11 17:00:00,collision,St Paul's Bay,0,469,15.5,0.0,6.5,100.0,3.0
4110,0,2024-12-11 13:00:00,collision,St Paul's Bay,0,2095,18.3,0.0,5.0,97.0,3.0
4066,0,2024-12-13 17:30:00,collision,Mellieha,0,514,18.6,0.0,24.0,2.0,0.0
4066,1,2024-12-14 19:45:00,collision,,515,1158,18.8,0.0,36.3,84.0,3.0
4067,0,2024-12-13 21:00:00,collision,Xemxija,0,3192,18.8,0.0,23.4,0.0,0.0
4087,0,2024-12-11 12:00:00,collision,St Paul's Bay,0,1163,18.1,0.0,4.5,65.0,2.0
4049,0,2024-12-15 20:30:00,collision,Imgarr,0,462,13.6,0.1,22.5,14.0,51.0
4034,0,2024-12-13 19:45:00,collision,Gudja,0,1841,18.5,0.0,24.3,2.0,0.0
4007,0,2024-12-16 18:00:00,collision,St Paul's Bay,0,2323,15.3,0.0,27.1,4.0,0.0
4024,0,2024-12-13 00:00:00,collision,St Paul's Bay,0,1787,18.3,0.0,19.3,80.0,3.0
4014,0,2024-12-17 18:00:00,collision,Siggiewi,0,1137,14.2,0.0,7.5,0.0,0.0
3989,0,2024-12-19 18:50:00,collision,Blata,0,590,16.2,0.0,17.4,43.0,1.0
3991,0,2024-12-20 00:00:00,motorcycle_fall,Birkirkara,0,347,15.9,0.0,18.0,6.0,0.0
3976,0,2024-12-20 11:30:00,collision,Naxxar,0,309,18.0,0.0,32.8,43.0,1.0
3976,1,2024-12-20 00:00:00,collision,,310,618,17.7,0.0,28.6,3.0,0.0
3964,0,2024-12-22 14:25:00,collision,Kennedy Grove,0,869,15.9,0.0,20.5,98.0,3.0
3966,0,2024-12-22 10:15:00,collision,,0,376,15.6,0.0,32.7,100.0,3.0
3938,0,2024-12-23 10:30:00,collision,Naxxar,0,515,13.9,0.3,44.4,100.0,51.0
3910,0,2024-12-23 00:00:00,collision,Naxxar,0,1081,14.6,0.3,28.5,69.0,51.0
3885,0,2024-12-27 07:45:00,collision,Marsa,0,697,13.9,0.0,13.9,50.0,2.0
3900,0,2024-12-27 12:00:00,collision,Hamrun,0,521,14.4,0.2,20.1,76.0,51.0
3861,0,2024-12-29 00:00:00,collision,Madliena,0,2879,12.7,0.0,6.9,16.0,0.0
3834,0,2024-12-30 00:00:00,collision,Mithna,0,2993,14.5,0.0,5.1,1.0,0.0
3766,0,2025-01-05 12:30:00,collision,Birkirkara,0,735,16.8,0.0,13.4,43.0,1.0
3747,0,2025-01-06 21:00:00,collision,Attard,0,1392,16.2,0.0,15.9,100.0,3.0
3749,0,2025-01-06 20:00:00,collision,Fgura,0,602,16.0,0.0,12.1,100.0,3.0
3749,1,2025-01-07 00:00:00,collision,,603,696,17.7,0.0,28.3,100.0,3.0
3740,0,2025-01-06 09:40:00,collision,Attard,0,1066,17.5,0.0,21.8,100.0,3.0
3740,1,2025-01-06 21:00:00,collision,,1066,1315,17.6,0.0,27.0,100.0,3.0
3704,0,2025-01-08 21:00:00,collision,,0,1690,16.3,0.0,26.1,14.0,0.0
3699,0,2025-01-08 00:00:00,collision,Attard,0,918,15.6,0.0,20.3,8.0,0.0
3671,0,2025-01-09 11:00:00,collision,Rabat,0,756,15.8,0.0,11.8,0.0,0.0
3653,0,2025-01-11 00:00:00,collision,Swieqi,0,3073,15.8,0.0,29.5,90.0,3.0
3601,0,2025-01-15 07:45:00,collision,Marsa,0,323,12.6,0.0,23.7,22.0,1.0
3601,1,2025-01-15 08:00:00,motorcycle_fall,,324,494,13.9,0.0,27.0,25.0,1.0
3586,0,2025-01-15 16:45:00,collision,Sliema,0,508,11.6,0.6,10.1,90.0,53.0
3551,0,2025-01-16 10:15:00,collision,Naxxar,0,381,13.9,0.0,5.2,6.0,0.0
3558,0,2025-01-16 00:00:00,collision,Valletta,0,2475,9.8,0.0,1.8,20.0,1.0
3588,0,2025-01-16 21:00:00,collision,St Julian's,0,4816,14.1,0.8,19.2,100.0,53.0
3456,0,2025-01-22 18:00:00,unknown,Sliema,0,473,14.8,0.0,8.0,73.0,2.0
3442,0,2025-01-23 00:00:00,collision,Tal-Qroqq,0,767,15.5,0.0,13.4,100.0,3.0
3423,0,2025-01-25 00:00:00,collision,,0,850,16.4,0.0,28.8,0.0,0.0
3408,0,2025-01-25 17:00:00,collision,Fgura,0,542,15.6,0.0,5.5,100.0,3.0
3255,0,2025-02-01 05:00:00,collision,Hal Farrug,0,414,14.6,0.0,20.4,25.0,1.0
3255,1,2025-02-01 12:45:00,collision,,415,782,16.9,0.0,36.8,23.0,1.0
3220,0,2025-01-31 00:00:00,collision,St Julian's,0,2414,13.0,0.0,7.1,21.0,1.0
3197,0,2025-02-04 11:30:00,collision,Zejtun,0,484,16.3,0.2,4.4,47.0,51.0
3206,0,2025-02-05 09:00:00,motorcycle_fall,Ta' Qali,0,282,14.6,0.0,9.3,80.0,3.0
3169,0,2025-02-06 08:00:00,collision,Naxxar,0,496,13.1,0.0,14.7,69.0,2.0
3100,0,2025-02-08 21:00:00,collision,Rabat,0,588,12.5,0.0,23.3,61.0,2.0
3095,0,2025-02-10 21:00:00,collision,Kirkop,0,621,13.1,0.0,22.3,82.0,3.0
3090,0,2025-02-11 21:00:00,collision,Kirkop,0,1134,12.9,0.0,11.3,17.0,0.0
3001,0,2025-02-14 00:01:00,collision,Iklin,0,520,14.3,0.0,13.3,29.0,1.0
2975,0,2025-02-16 00:00:00,collision,,0,2635,13.9,0.4,49.3,64.0,51.0
2974,0,2025-02-16 11:00:00,collision,Siggiewi,0,333,14.9,0.2,29.5,14.0,51.0
2940,0,2025-02-17 13:00:00,collision,Hal Far,0,488,16.5,0.0,6.8,17.0,0.0
2872,0,2025-02-19 18:00:00,collision,Fgura,0,409,13.9,0.0,8.8,99.0,3.0
2873,0,2025-02-20 00:00:00,collision,St Paul's Bay,0,1518,12.9,0.0,10.0,99.0,3.0
2853,0,2025-02-21 07:30:00,collision,,0,519,14.2,0.0,19.8,50.0,2.0
2849,0,2025-02-21 13:30:00,collision,Qormi,0,506,15.0,0.2,14.3,63.0,51.0
2792,0,2025-02-24 14:15:00,collision,Hamrun,0,691,16.0,0.2,5.2,59.0,51.0
2745,0,2025-02-24 23:00:00,collision,Hamrun,0,1833,11.2,0.0,4.0,0.0,0.0
2666,0,2025-03-03 07:00:00,motorcycle_fall,Marsa,0,459,14.5,0.0,23.8,15.0,0.0
2658,0,2025-03-03 07:00:00,collision,Imgarr,0,329,14.0,0.0,23.8,13.0,0.0
2557,0,2025-03-08 19:30:00,collision,St Paul's Bay,0,347,14.8,0.0,11.3,21.0,1.0
2492,0,2025-03-13 14:45:00,collision,Zebbug,0,630,15.5,0.0,16.6,0.0,0.0
2452,0,2025-03-14 15:30:00,collision,Buqana,0,2142,21.4,0.0,25.3,95.0,3.0
2461,0,2025-03-14 22:30:00,collision,Ghajn,0,841,19.5,0.0,23.9,0.0,0.0
2419,0,2025-03-16 08:00:00,collision,Zebbug,0,449,14.8,0.0,34.2,0.0,0.0
2409,0,2025-03-16 08:00:00,motorcycle_fall,Naxxar,0,308,15.8,0.0,23.3,0.0,0.0
2301,0,2025-03-22 05:45:00,collision,Ghajnsielem,0,624,15.1,0.0,27.7,1.0,0.0
2259,0,2025-03-22 13:30:00,collision,Nadur,0,507,17.0,0.0,30.0,0.0,0.0
2201,0,2025-03-26 00:00:00,unknown,Siggiewi,0,468,15.4,0.0,1.3,100.0,3.0
2157,0,2025-03-28 10:45:00,collision,San Gwann,0,467,15.7,0.1,32.1,19.0,51.0
2080,0,2025-04-01 09:00:00,collision,Naxxar,0,247,13.3,0.1,14.3,40.0,51.0
2101,0,2025-04-01 00:00:00,collision,St Paul's Bay,0,1634,13.8,0.8,15.9,66.0,53.0
1989,0,2025-04-06 08:30:00,collision,Attard,0,399,16.6,0.1,13.9,100.0,51.0
1967,0,2025-04-06 20:45:00,collision,Buqana,0,548,15.3,0.0,16.0,92.0,3.0
1856,0,2025-04-07 08:55:00,collision,Zurrieq,0,830,15.0,0.1,23.7,93.0,51.0
1860,0,2025-04-13 17:45:00,collision,Gudja,0,323,16.8,0.0,22.5,100.0,3.0
1808,0,2025-04-15 12:50:00,collision,Marsa,0,746,22.5,0.0,23.0,79.0,2.0
1776,0,2025-04-17 09:30:00,collision,Zejtun,0,490,17.2,0.0,21.4,6.0,0.0
1769,0,2025-04-17 13:00:00,collision,Luqa,0,483,17.5,0.0,21.9,90.0,3.0
1745,0,2025-04-18 09:45:00,collision,Mosta,0,336,18.4,0.0,17.6,93.0,3.0
1718,0,2025-04-18 13:30:00,collision,St Paul's Bay,0,494,19.3,0.0,17.3,72.0,2.0
1490,0,2025-05-02 15:30:00,collision,Gharb,0,604,17.5,0.0,10.8,0.0,0.0
1489,0,2025-05-02 17:00:00,collision,Xaghra,0,665,17.6,0.0,12.1,0.0,0.0
1467,0,2025-05-04 14:30:00,collision,Marsa,0,360,24.5,0.0,14.4,100.0,3.0
1380,0,2025-05-07 13:15:00,collision,Ghar,0,366,24.5,0.0,11.2,100.0,3.0
1352,0,2025-05-09 00:00:00,collision,Siggiewi,0,4454,19.5,0.0,19.6,6.0,0.0
1286,0,2025-05-12 08:00:00,collision,Wied,0,375,20.1,0.0,17.4,58.0,2.0
1275,0,2025-05-12 09:45:00,unknown,Sliema,0,327,21.8,0.0,19.3,0.0,0.0
1227,0,2025-05-14 17:45:00,collision,Santa Venera,0,454,20.0,0.0,19.6,100.0,3.0
1165,0,2025-05-17 18:30:00,collision,Mellieha,0,625,18.3,0.0,16.2,0.0,0.0
1034,0,2025-05-22 08:00:00,collision,Ghajn,0,605,21.1,0.1,13.3,80.0,51.0
1015,0,2025-05-24 07:15:00,collision,Marsa,0,597,20.3,0.0,8.6,0.0,0.0
974,0,2025-05-25 13:15:00,collision,Bugibba,0,355,22.3,0.0,23.8,4.0,0.0
964,0,2025-05-27 17:20:00,collision,Xemxija,0,487,21.7,0.0,18.6,0.0,0.0
933,0,2025-05-27 12:30:00,motorcycle_fall,Xemxija,0,1232,22.8,0.0,19.6,0.0,0.0
760,0,2025-06-03 04:30:00,collision,Rabat,0,409,17.3,0.0,8.3,3.0,0.0
751,0,2025-06-04 21:00:00,collision,St Paul's Bay,0,508,22.0,0.0,15.5,0.0,0.0
685,0,2025-06-06 20:30:00,collision,St Paul's Bay,0,901,22.1,0.0,2.9,0.0,0.0
679,0,2025-06-06 17:30:00,collision,Xewkija,0,542,21.4,0.0,13.6,0.0,0.0
640,0,2025-06-07 17:00:00,collision,,0,505,23.1,0.0,6.9,100.0,3.0
640,1,2025-06-07 08:00:00,unknown,,506,657,21.6,0.0,2.3,0.0,0.0
654,0,2025-06-07 08:00:00,unknown,Zebbug,0,257,20.5,0.0,5.1,0.0,0.0
654,1,2025-06-08 00:00:00,collision,,258,1880,23.1,0.0,9.8,100.0,3.0
607,0,2025-06-12 15:10:00,collision,Zejtun,0,812,30.5,0.0,7.1,0.0,0.0
522,0,2025-06-13 22:00:00,collision,Xaghra,0,406,23.5,0.0,6.8,0.0,0.0
404,0,2025-06-19 18:13:00,collision,Luqa,0,878,26.2,0.0,3.2,14.0,0.0
407,0,2025-06-19 06:30:00,collision,Zejtun,0,472,24.8,0.0,7.3,0.0,0.0
408,0,2025-06-18 20:13:00,collision,Zebbug,0,1033,23.9,0.0,12.4,1.0,0.0
416,0,2025-06-19 13:15:00,unknown,Floriana,0,505,28.5,0.0,6.1,33.0,1.0
381,0,2025-06-19 18:30:00,collision,Gudja,0,539,25.3,0.0,5.0,54.0,2.0
381,1,2025-06-20 08:00:00,collision,,539,794,23.1,0.0,6.1,16.0,0.0
370,0,2025-06-18 21:00:00,unknown,Zebbug,0,880,23.9,0.0,9.6,1.0,0.0
361,0,2025-06-21 13:15:00,unknown,Floriana,0,443,29.0,0.0,11.8,1.0,0.0
313,0,2025-06-23 08:45:00,collision,Tal-Qroqq,0,752,28.3,0.0,9.2,0.0,0.0
287,0,2025-06-25 07:00:00,collision,Sliema,0,505,26.5,0.0,13.0,0.0,0.0
113265,0,2025-07-05 11:00:00,collision,Mellieha,0,442,31.3,0.0,10.1,8.0,0.0
190828,0,2025-07-06 00:00:00,collision,Mosta,0,496,25.1,0.0,0.2,0.0,0.0
139548,0,2025-07-09 18:00:00,collision,Mosta,0,473,26.8,0.0,25.2,0.0,0.0
102356,0,2025-07-14 00:00:00,collision,Bidnija,0,1446,25.0,0.0,9.7,0.0,0.0
220724,0,2025-07-14 11:00:00,collision,Marsaxlokk,0,443,32.7,0.0,8.9,0.0,0.0
167578,0,2025-07-15 00:00:00,collision,St Paul's Bay,0,1823,26.2,0.0,12.6,0.0,0.0
141175,0,2025-07-17 13:15:00,collision,Gzira,0,517,29.2,0.0,21.2,0.0,0.0
130030,0,2025-07-16 17:00:00,collision,L-Imqabba,0,418,28.7,0.0,12.2,1.0,0.0
226588,0,2025-07-17 22:15:00,collision,Birkirkara,0,541,25.1,0.0,18.2,0.0,0.0
297731,0,2025-07-18 15:00:00,collision,,0,288,26.0,0.0,11.8,0.0,0.0
297731,1,2025-07-19 16:30:00,collision,,289,608,25.8,0.0,4.0,0.0,0.0
455412,0,2025-07-18 15:00:00,collision,Balluta,0,594,30.2,0.0,9.9,7.0,0.0
450477,0,2025-07-19 00:00:00,collision,Buqana,0,616,24.2,0.0,2.3,0.0,0.0
297729,0,2025-07-20 12:30:00,collision,Swieqi,0,2992,30.3,0.0,10.7,0.0,0.0
353524,0,2025-07-23 00:00:00,collision,Wied,0,3247,27.9,0.0,19.1,0.0,0.0
353518,0,2025-07-23 10:30:00,collision,Mosta,0,900,33.7,0.0,3.6,0.0,0.0
353565,0,2025-07-24 10:15:00,collision,Naxxar,0,485,33.4,0.0,6.8,0.0,0.0
353525,0,2025-07-24 04:30:00,rollover,Tarxien,0,591,24.6,0.0,3.3,2.0,0.0
386207,0,2025-07-26 01:00:00,collision,Pembroke,0,476,29.1,0.0,14.6,0.0,0.0
386270,0,2025-07-27 18:35:00,collision,Fgura,0,1042,26.1,0.0,26.8,0.0,0.0
450529,0,2025-07-27 11:45:00,collision,Sliema,0,522,28.7,0.0,32.0,0.0,0.0
386182,0,2025-07-28 00:00:00,unknown,,0,8,25.8,0.0,42.8,0.0,0.0
386182,1,2025-07-27 19:30:00,collision,and,9,611,26.1,0.0,49.7,0.0,0.0
386182,2,2025-07-28 22:00:00,collision,,612,1104,25.5,0.0,42.8,0.0,0.0
386315,0,2025-07-27 22:00:00,collision,Hamrun,0,947,25.6,0.0,28.7,0.0,0.0
386315,1,2025-07-28 19:30:00,collision,,948,1137,25.8,0.0,40.7,0.0,0.0
386315,2,2025-07-28 15:30:00,collision,,1138,1611,25.9,0.0,46.6,0.0,0.0
451726,0,2025-07-29 13:45:00,collision,Naxxar,0,297,27.2,0.0,26.7,0.0,0.0
451726,1,2025-07-26 08:00:00,collision,two,298,903,32.7,0.0,4.5,4.0,0.0
467167,0,2025-07-30 09:15:00,collision,Floriana,0,1989,26.3,0.0,18.3,24.0,1.0
467110,0,2025-07-29 18:00:00,unknown,Hal Ghaxaq,0,463,25.3,0.0,26.6,0.0,0.0
489424,0,2025-08-03 01:00:00,collision,Mosta,0,2678,23.5,0.0,12.4,0.0,0.0
489339,0,2025-08-04 18:40:00,collision,Marsa,0,1411,25.9,0.0,14.4,0.0,0.0
489475,0,2025-08-04 15:30:00,collision,Fgura,0,1189,28.2,0.0,20.9,0.0,0.0
489370,0,2025-08-04 15:30:00,collision,Marsa,0,382,28.2,0.0,20.9,0.0,0.0
489370,1,2025-08-05 17:00:00,collision,,383,785,24.8,0.0,24.9,0.0,0.0
489720,0,2025-08-06 00:00:00,collision,Naxxar,0,368,24.0,0.0,12.2,0.0,0.0
489720,1,2025-08-07 00:00:00,collision,,369,823,25.0,0.0,13.4,0.0,0.0
489728,0,2025-08-06 00:00:00,collision,Naxxar,0,404,24.0,0.0,12.2,0.0,0.0
489728,1,2025-08-07 00:00:00,collision,serious,405,879,25.0,0.0,13.4,0.0,0.0
489733,0,2025-08-07 09:56:00,collision,Santa Venera,0,696,28.7,0.0,8.5,0.0,0.0
490010,0,2025-08-09 07:30:00,rollover,San Gwann,0,595,28.1,0.0,11.9,0.0,0.0
489990,0,2025-08-07 08:00:00,collision,Santa Venera,0,1756,26.4,0.0,10.2,3.0,0.0
489878,0,2025-08-10 17:42:00,collision,Birkirkara,0,1213,28.8,0.0,7.1,0.0,0.0
489889,0,2025-08-10 12:30:00,collision,Birkirkara,0,1162,31.5,0.0,11.7,0.0,0.0
489884,0,2025-08-10 09:00:00,collision,Floriana,0,327,31.0,0.0,5.8,0.0,0.0
490008,0,2025-08-10 08:00:00,collision,,0,1053,25.4,0.0,7.0,0.0,0.0
490101,0,2025-08-10 05:25:00,collision,Birkirkara,0,1507,24.4,0.0,8.1,0.0,0.0
490073,0,2025-08-11 05:20:00,collision,,0,743,25.5,0.0,2.5,0.0,0.0
489993,0,2025-08-10 19:00:00,collision,Mosta,0,323,27.2,0.0,6.2,0.0,0.0
489993,1,2025-08-10 00:00:00,collision,,323,520,26.5,0.0,15.0,0.0,0.0
490183,0,2025-08-12 08:00:00,collision,Valletta,0,2971,28.5,0.0,5.7,0.0,0.0
490165,0,2025-08-12 07:00:00,collision,,0,436,25.6,0.0,4.3,0.0,0.0
490160,0,2025-08-10 05:25:00,collision,Birkirkara,0,3375,24.4,0.0,8.1,0.0,0.0
490329,0,2025-08-13 00:00:00,collision,Marsa,0,1231,25.6,0.0,7.6,0.0,0.0
490371,0,2025-08-14 05:30:00,collision,Pembroke,0,635,24.7,0.0,1.9,0.0,0.0
490568,0,2025-08-14 05:30:00,collision,Pembroke,0,491,24.7,0.0,1.9,0.0,0.0
490568,1,2025-08-10 08:00:00,unknown,,492,690,25.4,0.0,7.0,0.0,0.0
490632,0,2025-08-17 00:00:00,rollover,Marsa,0,1265,25.8,0.0,5.1,23.0,1.0
490684,0,2025-08-17 16:00:00,collision,Naxxar,0,492,28.5,0.0,13.1,1.0,0.0
490653,0,2025-08-14 08:00:00,collision,Pembroke,0,1077,28.3,0.0,3.8,0.0,0.0
490697,0,2025-08-18 00:00:00,collision,Valletta,0,3270,24.9,0.0,4.8,0.0,0.0
490746,0,2025-08-18 00:00:00,collision,Santa Venera,0,3673,24.9,0.0,4.8,0.0,0.0
490815,0,2025-08-18 16:00:00,pedestrian,Zabbar,0,343,29.2,0.0,8.1,13.0,0.0
491011,0,2025-08-21 05:30:00,collision,Sliema,0,361,26.3,0.0,13.0,0.0,0.0
491118,0,2025-08-21 00:00:00,unknown,,0,158,26.9,0.0,24.9,0.0,0.0
491118,1,2025-08-21 06:00:00,collision,just,159,2144,26.1,0.0,14.2,0.0,0.0
491226,0,2025-08-22 05:30:00,collision,Birkirkara,0,910,25.3,0.0,13.1,0.0,0.0
491307,0,2025-08-22 05:30:00,collision,Birkirkara,0,786,25.3,0.0,13.1,0.0,0.0
491334,0,2025-08-24 00:00:00,collision,Pembroke,0,868,24.9,0.0,17.3,0.0,0.0
491371,0,2025-08-24 00:00:00,collision,Sliema,0,1869,25.0,0.0,17.3,0.0,0.0
491489,0,2025-08-22 05:30:00,collision,Birkirkara,0,1151,25.3,0.0,13.1,0.0,0.0
491557,0,2025-08-26 05:10:00,collision,Sliema,0,397,22.6,0.0,0.4,100.0,3.0
491707,0,2025-08-26 18:30:00,collision,Zebbug,0,493,25.9,0.0,10.7,100.0,3.0
491720,0,2025-08-27 15:37:00,collision,Bahar,0,1290,29.6,0.0,13.6,0.0,0.0
492026,0,2025-08-29 08:00:00,collision,Bahar,0,1366,27.9,0.0,12.9,0.0,0.0
492029,0,2025-08-27 21:00:00,collision,Rabat,0,1898,25.0,0.0,15.1,0.0,0.0
492115,0,2025-08-29 15:15:00,collision,Marsa,0,600,28.5,0.0,25.0,100.0,3.0
492291,0,2025-08-31 07:30:00,collision,Qormi,0,765,26.8,0.0,14.5,0.0,0.0
492646,0,2025-09-03 15:00:00,collision,,0,888,26.3,0.0,22.9,96.0,3.0
492654,0,2025-09-03 18:00:00,collision,Zebbug,0,891,25.5,0.0,27.1,28.0,1.0
492806,0,2025-09-04 18:15:00,collision,Gzira,0,590,26.6,0.0,3.3,1.0,0.0
492962,0,2025-09-07 21:10:00,collision,,0,1104,25.8,0.0,9.0,26.0,1.0
493044,0,2025-09-07 13:30:00,collision,Luqa,0,539,30.0,0.0,9.8,74.0,2.0
493372,0,2025-09-11 07:30:00,motorcycle_fall,,0,407,26.9,0.0,10.0,52.0,2.0
493542,0,2025-09-12 15:00:00,collision,Marsa,0,1352,28.8,0.0,10.7,2.0,0.0
493598,0,2025-09-12 15:00:00,collision,Marsa,0,555,28.8,0.0,10.7,2.0,0.0
493702,0,2025-09-14 00:00:00,unknown,Zabbar,0,723,24.0,0.0,2.3,0.0,0.0
493664,0,2025-09-13 21:00:00,collision,Marsa,0,501,24.8,0.0,3.1,0.0,0.0
493670,0,2025-09-13 21:00:00,unknown,,0,86,26.0,0.0,6.9,0.0,0.0
493670,1,2025-09-14 23:00:00,collision,,86,345,25.5,0.0,12.4,16.0,0.0
493670,2,2025-09-14 01:30:00,collision,,346,796,25.9,0.0,7.4,0.0,0.0
493898,0,2025-09-16 12:15:00,collision,,0,316,25.5,0.0,6.9,0.0,0.0
493983,0,2025-09-16 23:30:00,collision,Zabbar,0,536,24.6,0.0,5.3,0.0,0.0
494102,0,2025-09-17 00:00:00,collision,St Paul's Bay,0,3568,23.6,0.0,3.9,0.0,0.0
494209,0,2025-09-18 20:45:00,collision,Bormla,0,766,25.9,0.0,11.9,11.0,0.0
494363,0,2025-09-20 13:30:00,collision,Gharb,0,826,25.2,0.0,25.2,2.0,0.0
494368,0,2025-09-20 13:30:00,collision,Gharb,0,1157,25.2,0.0,25.2,2.0,0.0
494438,0,2025-09-21 08:30:00,collision,Pieta,0,242,26.1,0.0,8.3,3.0,0.0
494571,0,2025-09-22 19:00:00,collision,San Gwann,0,356,25.4,0.0,7.0,0.0,0.0
494727,0,2025-09-24 08:00:00,collision,Marsalforn,0,292,25.9,0.0,16.9,100.0,3.0
494856,0,2025-09-25 14:15:00,collision,St Julian's,0,505,27.0,0.0,11.0,0.0,0.0
494910,0,2025-09-25 18:00:00,collision,Tarxien,0,516,24.0,0.0,10.0,3.0,0.0
495320,0,2025-09-30 00:00:00,collision,Naxxar,0,1384,22.5,0.0,11.3,97.0,3.0
495442,0,2025-10-02 15:00:00,rollover,Mriehel,0,64,23.5,0.0,27.7,20.0,1.0
495442,1,2025-10-02 00:00:00,collision,,64,543,25.5,0.0,37.2,9.0,0.0
495504,0,2025-10-02 05:30:00,collision,Qala,0,498,22.3,0.3,42.6,40.0,51.0
495595,0,2025-10-02 16:20:00,run-off-road,,0,1044,23.2,0.0,42.6,30.0,1.0
495731,0,2025-10-04 16:20:00,collision,Swieqi,0,2589,21.9,0.0,14.4,1.0,0.0
495807,0,2025-10-04 23:00:00,collision,Gudja,0,776,19.7,0.0,8.0,7.0,0.0
495802,0,2025-10-05 08:00:00,collision,Bugibba,0,3641,23.3,0.0,13.7,77.0,2.0
495896,0,2025-10-02 00:00:00,collision,,0,2123,25.5,0.0,37.2,9.0,0.0
495942,0,2025-10-06 00:00:00,collision,St Paul's Bay,0,2462,23.6,0.1,22.3,35.0,51.0
496006,0,2025-10-07 15:00:00,collision,Saqqajja,0,1260,21.4,0.0,26.2,10.0,0.0
495969,0,2025-10-07 08:00:00,collision,Bugibba,0,2118,20.7,0.0,25.0,2.0,0.0
496158,0,2025-10-04 09:30:00,collision,Balluta,0,3583,21.5,0.0,15.7,35.0,1.0
496202,0,2025-10-09 09:30:00,collision,Zurrieq,0,696,22.7,0.0,3.7,2.0,0.0
496362,0,2025-10-10 09:00:00,collision,Ghajnsielem,0,1231,21.2,0.0,9.3,0.0,0.0
496362,1,2025-10-10 08:00:00,unknown,,1232,1582,22.0,0.0,11.0,0.0,0.0
496773,0,2025-08-31 06:00:00,collision,Valletta,0,644,25.1,0.0,14.6,0.0,0.0
496774,0,2025-04-03 18:00:00,collision,Gudja,0,524,15.5,0.0,5.4,0.0,0.0
496775,0,2025-04-08 16:00:00,collision,Qormi,0,484,15.6,0.1,13.7,100.0,51.0
496776,0,2025-05-15 00:00:00,collision,Hal Ghaxaq,0,569,18.5,0.0,24.6,100.0,3.0
496777,0,2025-01-10 19:00:00,collision,Buqana,0,526,15.8,0.0,27.9,9.0,0.0
496778,0,2025-04-15 08:50:00,collision,Marsa,0,654,21.2,0.0,25.6,96.0,3.0
496779,0,2025-06-10 02:00:00,collision,Mosta,0,903,21.8,0.0,7.4,0.0,0.0
496780,0,2025-08-03 08:15:00,collision,Barrani,0,582,24.7,0.0,21.7,3.0,0.0
496781,0,2025-06-11 15:45:00,collision,Naxxar,0,563,28.1,0.0,6.1,0.0,0.0
496782,0,2024-12-28 09:15:00,collision,Zabbar,0,939,14.9,0.0,13.2,9.0,0.0
496783,0,2025-02-10 16:00:00,collision,Haz-Zabbar,0,525,13.6,0.0,25.0,95.0,3.0
496784,0,2025-02-26 20:00:00,collision,Kalkara,0,451,13.9,0.2,21.6,93.0,51.0
496785,0,2025-03-26 17:00:00,collision,Ghajnsielem,0,471,15.3,0.0,35.9,0.0,0.0
496786,0,2025-06-13 22:00:00,collision,Xewkija,0,456,23.7,0.0,6.8,0.0,0.0
496787,0,2025-08-17 10:00:00,collision,Valletta,0,466,27.6,0.0,8.6,19.0,0.0
496788,0,2025-04-17 00:00:00,collision,Santa Lucija,0,454,16.4,0.0,24.5,100.0,3.0
496789,0,2025-01-21 14:00:00,collision,,0,568,16.1,0.0,29.6,20.0,1.0
496790,0,2024-11-09 17:00:00,collision,,0,468,20.7,0.0,15.2,87.0,3.0
496791,0,2025-02-21 13:30:00,collision,Floriana,0,484,14.8,0.4,16.1,60.0,51.0
496792,0,2025-09-13 21:00:00,collision,Marsa,0,561,24.8,0.0,3.1,0.0,0.0
496793,0,2025-08-29 15:15:00,collision,Marsa,0,588,28.5,0.0,25.0,100.0,3.0
496794,0,2024-09-22 23:00:00,collision,Gudja,0,734,23.3,0.0,7.9,100.0,3.0
496795,0,2025-03-26 08:00:00,collision,,0,481,15.8,3.8,28.5,100.0,63.0
496796,0,2025-05-07 13:15:00,collision,Ghar,0,537,24.5,0.0,11.2,100.0,3.0
496797,0,2024-11-25 23:00:00,collision,Marsa,0,563,15.3,0.0,2.0,25.0,1.0
496798,0,2025-03-05 10:00:00,collision,Marsa,0,525,15.3,0.0,20.4,12.0,0.0
496799,0,2024-10-10 16:00:00,collision,Attard,0,624,27.9,0.0,10.2,74.0,2.0
496800,0,2025-06-30 04:00:00,collision,Gudja,0,996,24.6,0.0,6.7,0.0,0.0
496801,0,2025-05-04 14:00:00,collision,Marsa,0,506,25.0,0.0,13.8,100.0,3.0
496802,0,2025-06-11 22:00:00,collision,Zurrieq,0,592,22.9,0.0,4.7,8.0,0.0
496803,0,2025-02-21 14:00:00,collision,Burmarrad,0,517,15.2,0.2,14.3,63.0,51.0
496804,0,2025-04-22 00:00:00,collision,Mosta,0,569,15.9,0.0,17.8,66.0,2.0
496805,0,2025-03-09 06:00:00,collision,Tal-Barrani,0,536,12.9,0.0,2.6,9.0,0.0
496806,0,2025-03-03 07:00:00,collision,Rabat,0,496,13.4,0.0,23.8,13.0,0.0
496807,0,2025-06-19 22:00:00,collision,L-Imdina,0,774,21.9,0.0,0.5,1.0,0.0
496808,0,2025-06-27 14:00:00,motorcycle_fall,Birkirkara,0,566,32.3,0.0,12.2,0.0,0.0
496809,0,2025-02-22 12:00:00,collision,Naxxar,0,452,15.6,0.0,13.0,4.0,0.0
496810,0,2025-06-12 08:00:00,collision,Zabbar,0,484,26.8,0.0,8.1,0.0,0.0
496811,0,2025-09-24 08:00:00,collision,Marsalforn,0,528,25.9,0.0,16.9,100.0,3.0
496812,0,2024-11-01 01:00:00,collision,Birkirkara,0,634,20.0,0.0,13.1,3.0,0.0
496813,0,2025-02-15 00:00:00,collision,Iklin,0,502,13.6,0.0,17.5,75.0,2.0
496814,0,2024-12-06 00:00:00,collision,Fgura,0,555,14.6,0.1,24.8,100.0,51.0
496815,0,2024-12-31 15:00:00,collision,,0,483,16.5,0.0,8.0,22.0,1.0
496816,0,2025-07-21 20:00:00,collision,Pembroke,0,645,29.2,0.0,12.5,0.0,0.0
496817,0,2025-04-03 21:00:00,collision,Borg Gharib,0,445,15.5,0.0,11.0,0.0,0.0
496818,0,2024-11-10 02:00:00,collision,Marsaskala,0,732,17.9,0.0,8.6,84.0,3.0
496819,0,2025-01-11 04:00:00,collision,Hal Farrug,0,328,15.9,0.0,28.9,48.0,1.0
496819,1,2024-12-11 03:00:00,collision,hospital,328,851,17.1,0.0,12.1,0.0,0.0
496820,0,2024-12-27 03:00:00,collision,Qala,0,627,14.7,0.0,18.2,11.0,0.0
496821,0,2025-04-13 15:15:00,collision,Naxxar,0,1124,18.8,0.0,22.0,100.0,3.0
496822,0,2024-12-04 17:00:00,collision,Mosta,0,503,17.8,0.0,10.8,100.0,3.0
496823,0,2025-03-07 21:00:00,collision,St Paul's Bay,0,552,13.0,0.0,6.1,0.0,0.0
496824,0,2025-10-06 09:30:00,collision,Naxxar,0,466,22.8,0.0,30.7,23.0,1.0
496825,0,2025-05-22 20:00:00,motorcycle_fall,San Gwann,0,445,20.2,0.0,6.8,70.0,2.0
496826,0,2025-01-25 14:30:00,collision,Naxxar,0,546,16.9,0.0,11.1,100.0,3.0
496827,0,2025-08-06 00:00:00,unknown,,0,117,25.0,0.0,23.6,0.0,0.0
496827,1,2025-08-07 11:30:00,collision,-,117,392,28.5,0.0,12.5,0.0,0.0
496827,2,2025-08-07 12:30:00,collision,by,392,936,24.1,0.0,13.6,0.0,0.0
496828,0,2024-12-27 12:00:00,collision,Hotba,0,489,14.7,0.4,19.3,81.0,51.0
496829,0,2025-08-17 16:00:00,collision,Naxxar,0,656,28.5,0.0,13.1,1.0,0.0
496830,0,2025-07-27 09:00:00,collision,Rabat,0,463,25.9,0.0,32.5,1.0,0.0
496831,0,2024-10-22 06:00:00,rollover,Zejtun,0,554,22.6,0.0,26.3,100.0,3.0
496832,0,2025-04-05 18:00:00,collision,Qormi,0,554,15.9,0.0,4.3,30.0,1.0
496833,0,2025-04-09 16:00:00,collision,Rabat,0,615,15.5,0.0,12.7,93.0,3.0
496834,0,2025-04-24 05:00:00,collision,Marsa,0,518,15.9,0.0,23.5,15.0,0.0
496835,0,2024-11-15 01:00:00,collision,Balzan,0,466,19.6,0.0,11.0,1.0,0.0
496836,0,2025-02-12 11:00:00,unknown,Tal-Balal,0,512,15.8,0.0,7.7,99.0,3.0
496837,0,2025-07-09 18:30:00,collision,Mosta,0,538,26.2,0.0,21.9,0.0,0.0
496838,0,2025-07-28 01:00:00,collision,St Julian's,0,525,25.1,0.0,26.6,2.0,0.0
496839,0,2025-07-03 23:00:00,collision,Gharghur,0,470,23.9,0.0,3.3,0.0,0.0
496840,0,2024-11-13 06:00:00,unknown,Naxxar,0,823,17.1,0.0,5.7,73.0,2.0
496841,0,2025-06-14 06:00:00,collision,Gzira,0,464,23.4,0.0,1.8,0.0,0.0
496842,0,2025-07-24 04:30:00,rollover,San Anard,0,670,26.2,0.0,10.2,0.0,0.0
496843,0,2025-05-02 15:30:00,collision,L-Imgarr,0,633,22.1,0.0,9.3,0.0,0.0
496844,0,2025-01-01 04:00:00,collision,Siggiewi,0,470,10.7,0.0,6.1,0.0,0.0
496845,0,2025-02-04 11:30:00,collision,Zejtun,0,603,16.3,0.2,4.4,47.0,51.0
496846,0,2025-07-10 06:30:00,collision,Siggiewi,0,460,26.8,0.0,11.4,33.0,1.0
496847,0,2025-06-20 09:00:00,collision,Gzira,0,632,26.3,0.0,2.4,14.0,0.0
496848,0,2025-01-30 07:00:00,collision,Birzebbuga,0,462,13.7,0.0,17.9,25.0,1.0
496849,0,2025-07-24 10:15:00,collision,Mellieha,0,428,33.2,0.0,6.8,0.0,0.0
496850,0,2025-04-02 15:00:00,collision,Sliema,0,507,17.5,0.2,8.2,100.0,51.0
496851,0,2025-02-03 19:00:00,collision,Palma,0,463,13.2,0.0,11.5,3.0,0.0
496852,0,2024-12-14 23:00:00,collision,Marsa,0,385,16.9,0.0,18.2,97.0,3.0
496852,1,2024-12-12 16:00:00,motorcycle_fall,,385,826,18.6,0.0,30.6,98.0,3.0
496853,0,2025-05-01 08:00:00,collision,Marsa,0,728,20.0,0.0,10.5,0.0,0.0
496854,0,2025-09-20 13:30:00,collision,L-Gharb,0,1280,25.2,0.0,25.2,2.0,0.0
496855,0,2024-10-25 13:00:00,collision,Swieqi,0,490,22.8,0.3,15.2,100.0,51.0
496856,0,2024-10-14 16:00:00,collision,Fgura,0,835,24.5,0.0,12.0,4.0,0.0
496857,0,2025-05-24 06:00:00,collision,Fgura,0,1054,19.0,0.0,9.8,8.0,0.0
496858,0,2025-05-26 15:00:00,collision,,0,578,19.9,0.0,18.3,0.0,0.0
496859,0,2025-10-02 05:30:00,collision,L-Imgarr,0,584,21.8,0.0,27.7,52.0,2.0
496860,0,2024-10-26 14:00:00,collision,Zurrieq,0,457,23.4,0.0,23.8,100.0,3.0
496861,0,2024-12-27 01:00:00,collision,Mellieha,0,429,12.5,0.0,20.2,57.0,2.0
496861,1,2024-11-19 07:00:00,collision,investigations,429,1022,20.9,0.0,23.5,10.0,0.0
496862,0,2025-01-24 08:00:00,motorcycle_fall,Floriana,0,428,15.1,0.0,13.5,0.0,0.0
496863,0,2024-10-01 22:00:00,collision,Qormi,0,595,21.4,0.0,8.9,2.0,0.0
496864,0,2025-09-28 10:00:00,collision,Ghar,0,474,24.3,0.0,14.8,10.0,0.0
496865,0,2025-08-05 10:00:00,collision,Ta' Lawrenti,0,562,26.2,0.0,10.7,97.0,3.0
496866,0,2025-10-04 00:00:00,collision,St Paul's Bay,0,606,19.3,0.0,26.1,100.0,3.0
496867,0,2025-08-22 05:30:00,collision,Birkirkara,0,844,25.3,0.0,13.1,0.0,0.0
496868,0,2025-03-02 10:00:00,collision,Birkirkara,0,583,17.5,0.0,24.1,99.0,3.0
496869,0,2025-05-02 17:00:00,collision,Xaghra,0,725,17.6,0.0,12.1,0.0,0.0
496870,0,2025-05-29 04:00:00,collision,Marsaxlokk,0,469,18.9,0.0,18.8,27.0,1.0
496871,0,2025-08-31 07:30:00,collision,Qormi,0,470,26.8,0.0,14.5,0.0,0.0
496872,0,2024-11-12 12:00:00,motorcycle_fall,Rabat,0,709,17.4,0.2,24.0,98.0,51.0
496873,0,2024-10-01 04:00:00,collision,Mellieha,0,710,19.6,0.0,6.4,0.0,0.0
496874,0,2025-02-03 14:00:00,collision,Zurrieq,0,971,14.4,0.1,13.8,13.0,51.0
496875,0,2025-03-10 16:00:00,collision,Marsaxlokk,0,538,19.4,0.0,21.5,0.0,0.0
496876,0,2025-06-10 18:00:00,collision,Attard,0,475,26.0,0.0,9.7,0.0,0.0
496877,0,2025-01-22 18:00:00,collision,Sliema,0,557,14.8,0.0,8.0,73.0,2.0
496878,0,2025-06-19 13:15:00,collision,Floriana,0,554,28.5,0.0,6.1,33.0,1.0
496879,0,2024-12-29 12:00:00,motorcycle_fall,Haz-Zebbug,0,442,15.4,0.1,9.0,49.0,51.0
496880,0,2024-11-05 11:00:00,collision,Naxxar,0,626,22.9,0.0,2.7,13.0,0.0
496881,0,2025-02-10 16:00:00,collision,Zebbug,0,589,13.3,0.0,40.4,70.0,2.0
496882,0,2025-07-17 22:15:00,collision,Wied,0,542,25.5,0.0,15.6,0.0,0.0
496883,0,2025-07-13 20:00:00,collision,Gwardamanga,0,723,26.1,0.0,10.1,0.0,0.0
