person_id,article_id,age,age_span,gender,gender_span,severity,severity_span,is_driver,is_driver_span,vehicle_type,vehicle_type_span,person_state,person_state_span
0,4208,78,"(32, 35)",male,"(299, 300)",none,,TRUE,"(36, 39)",car,"(36, 39)",,
1,4093,54,"(50, 55)",male,"(77, 78)",serious,"(61, 62)",TRUE,"(1, 2)",motorcycle,"(1, 2)",,
2,4110,54,"(71, 76)",male,"(81, 82)",serious,"(78, 79)",TRUE,"(76, 77)",motorcycle,"(76, 77)",,
3,4066,17,"(44, 49)",female,"(110, 111)",serious,"(111, 112)",FALSE,,,,,
4,4066,52,"(68, 73)",male,"(74, 75)",none,,TRUE,"(63, 74)",car,"(63, 74)",,
5,4066,29,"(173, 178)",male,"(211, 212)",serious,"(190, 191)",FALSE,,,,,
6,4066,50,"(161, 166)",,,none,,TRUE,"(156, 167)",car,"(156, 167)",,
7,4067,54,"(11, 16)",male,"(573, 574)",fatal,"(400, 401)",TRUE,"(545, 552)",motorcycle,"(545, 552)",,
8,4087,54,"(34, 37)",male,"(117, 118)",fatal,"(98, 99)",TRUE,"(38, 41)",motorcycle,"(38, 41)",,
9,4049,45,"(54, 59)",male,"(72, 73)",serious,"(78, 79)",TRUE,"(63, 64)",motorcycle,"(63, 64)",,
10,4049,86,"(39, 44)",female,"(44, 45)",none,,TRUE,"(34, 44)",car,"(34, 44)",,
11,4034,,,male,"(188, 189)",serious,"(65, 66)",FALSE,,,,,
12,4034,29,"(30, 33)",,,none,,FALSE,,,,,
13,4007,54,"(111, 114)",male,"(243, 244)",fatal,"(276, 277)",TRUE,"(26, 27)",motorcycle,"(26, 27)",,
15,4024,54,"(34, 37)",male,"(20, 21)",fatal,"(312, 313)",TRUE,"(28, 29)",motorcycle,"(28, 29)",,
16,4014,52,"(124, 129)",male,"(129, 130)",none,,TRUE,"(113, 129)",van,"(113, 129)",,
17,4014,43,"(191, 196)",female,"(196, 197)",none,,FALSE,,,,,
18,4014,46,"(154, 159)",male,"(159, 160)",none,,TRUE,"(148, 159)",van,"(148, 159)",,
679,3989,,,,,none,"(101, 103)",TRUE,"(6,8)",unknown,"(6,8)",,
680,3989,,,,,none,"(101, 103)",TRUE,"(10,12)",bus,"(10,12)",,
19,3991,30,"(1, 6)",female,"(54, 55)",serious,"(14, 15)",TRUE,"(24, 28)",motorcycle,"(24, 28)",,
20,3976,72,"(41, 46)",female,"(46, 47)",none,,FALSE,,,,,
21,3976,2,"(73, 78)",,,serious,"(9, 10)",FALSE,,,,,
22,3976,43,"(58, 63)",male,"(63, 64)",none,,TRUE,"(53, 63)",car,"(53, 63)",,
23,3976,44,"(88, 93)",male,"(93, 94)",none,,TRUE,"(83, 93)",car,"(83, 93)",,
24,3964,31,"(110, 115)",male,"(80, 81)",minor,"(116, 117)",TRUE,"(89, 90)",motorcycle,"(70, 90)",,
25,3964,40,"(120, 125)",male,"(97, 98)",serious,"(126, 127)",TRUE,"(149, 150)",motorcycle,"(87,90)",,
26,3964,27,"(61, 66)",female,"(66, 67)",none,,TRUE,"(57, 66)",car,"(57, 66)",,
28,3964,29,"(134, 139)",male,"(139, 140)",none,,TRUE,"(131, 132)",motorcycle,"(131, 132)",,
29,3966,13,"(1, 6)",female,"(64, 65)",serious,"(8, 9)",FALSE,,,,,
30,3966,25,"(56, 61)",,,none,,TRUE,"(52, 60)",car,"(52, 60)",,
31,3938,37,"(3, 6)",male,"(85,86)",serious,"(7, 8)",TRUE,"(77, 78)",bus,"(77, 78)",,
32,3938,39,"(94, 99)",female,"(99, 100)",none,,TRUE,"(89, 99)",van,"(89, 99)",,
33,3910,37,"(26, 31)",male,"(108, 109)",fatal,"(75, 76)",TRUE,"(7, 8)",bus,"(6, 8)",,
34,3910,39,"(209, 214)",female,"(214, 215)",minor,,TRUE,"(204, 214)",van,"(204, 214)",,
35,3885,36,"(54, 59)",male,"(104, 105)",serious,"(110, 111)",TRUE,"(51, 76)",car,"(51, 76)",,
36,3900,62,"(1, 6)",female,"(88, 89)",serious,"(14, 15)",TRUE,"(45, 50)",motorcycle,"(45, 50)",,
37,3900,25,"(63, 68)",,,none,,TRUE,"(58, 70)",truck,"(58, 70)",,
38,3861,21,"(4, 9)",female,"(596, 597)",fatal,"(11, 12)",FALSE,,,,drunk,"(458, 461)"
39,3861,,,male,"(505, 506)",,,TRUE,"(51, 55)",car,"(51, 55)",,
40,3861,17,"(192, 197)",female,"(219, 220)",none,,FALSE,,,,,
42,3834,,,male,"(508, 509)",none,,TRUE,"(41, 42)",,"(41, 42)",drunk,"(101, 104)"
43,3834,,,female,"(225, 226)",serious,"(121, 122)",TRUE,"(368, 380)",car,"(368, 380)",,
44,3766,72,"(54, 59)",male,"(59, 60)",serious,"(101, 102)",TRUE,"(59, 62)",car,"(62,63)",,
45,3766,66,"(65, 70)",female,"(70, 71)",serious,"(101, 102)",FALSE,,,,,
46,3766,28,"(106, 111)",male,"(111, 112)",minor,"(127, 128)",TRUE,"(111, 118)",car,"(111, 118)",,
47,3747,25,"(52, 57)",male,"(277, 278)",fatal,"(112, 113)",TRUE,"(34, 38)",car,"(34, 38)",,
48,3749,20,"(47, 52)",female,"(52, 53)",serious,"(3, 4)",TRUE,"(42, 52)",truck,"(42, 52)",,
49,3749,24,"(77, 82)",female,"(59, 60)",serious,"(84, 85)",FALSE,,,,,
50,3749,34,"(94, 99)",,,serious,"(100, 101)",FALSE,,,,,
51,3749,25,"(133, 138)",,,fatal,"(138, 139)",TRUE,"(140, 144)",unknown,"(140, 144)",,
52,3740,25,"(187, 192)",male,"(73, 74)",fatal,"(171, 172)",TRUE,"(13, 17)",car,"(13, 17)",,
681,3740,,,female,"(235, 236)",serious,"(264, 265)",FALSE,,,,,
682,3740,,,female,"(235, 236)",minor,"(237, 240)",FALSE,,,,,
53,3740,20,"(246, 251)",,,none,,TRUE,"(251, 252)",truck,"(254, 256)",,
54,3704,25,"(77, 82)",male,"(251, 252)",fatal,"(83, 84)",TRUE,"(50, 61)",car,"(50, 61)",,
56,3704,13,"(130, 135)",female,"(184, 185)",serious,"(136, 137)",FALSE,,,,,
57,3704,25,"(174, 179)",,,none,,TRUE,"(167, 178)",car,"(167, 178)",,
58,3699,25,"(21, 24)",male,"(28, 29)",fatal,"(24, 25)",TRUE,"(27, 31)",car,"(27, 31)",,
59,3671,83,"(138, 143)",female,"(14, 15)",serious,"(147, 148)",FALSE,,car,"(13,14)",,
60,3671,56,"(47, 52)",female,"(52, 53)",minor,"(158, 159)",TRUE,"(38, 52)",car,"(38, 52)",,
61,3653,21,"(4, 9)",male,"(9, 10)",fatal,"(392, 393)",FALSE,"(377, 382)",car,"(377, 382)",,
62,3653,22,"(373, 378)",male,"(331, 332)",none,,TRUE,"(44,45)",car,"(44,45)",,
66,3601,30,"(81, 86)",male,"(87, 88)",none,,TRUE,"(91,92)",motorcycle,"(91,92)",,
683,3601,21,"(39,44)",male,"(39,44)",,"(50,51)",TRUE,"(29,30)",motorcycle,"(29,30)",,
67,3601,21,"(58, 63)",female,"(63, 64)",none,,TRUE,"(53, 63)",car,"(53, 63)",,
684,3586,36,"(75,80)",,,none,,TRUE,"((59,62)",car,"(64,66)",,
68,3586,63,"(1, 6)",male,"(69, 70)",none,,FALSE,,,,,
69,3551,34,"(1, 6)",male,"(62, 63)",serious,"(8, 9)",TRUE,"(50, 55)",motorcycle,"(50, 55)",,
70,3551,45,"(40, 45)",female,"(45, 46)",none,,FALSE,,,,,
71,3558,44,"(114, 119)",male,"(119, 120)",none,,TRUE,"(109, 119)",car,"(109, 119)",,
72,3558,25,"(74, 79)",male,"(57, 58)",fatal,"(49, 50)",FALSE,,,,,
73,3588,25,"(45,50)",male,"(72,73)",fatal,"(7, 8)",FALSE,,,,,
74,3588,44,"(85, 90)",male,"(90, 91)",none,,TRUE,"(80, 90)",car,"(80, 90)",,
76,3456,51,"(46, 51)",male,"(74, 75)",serious,"(3, 4)",TRUE,"(65, 66)",motorcycle,"(65, 66)",,
77,3456,47,"(29, 34)",,,none,,TRUE,"(23, 35)",car,"(23, 35)",,
78,3442,36,"(49, 54)",male,"(121, 122)",fatal,"(123, 124)",TRUE,"(64, 72)",motorcycle,"(64, 72)",,
79,3423,36,"(34, 39)",male,"(8, 9)",fatal,"(28, 29)",FALSE,,,,,
81,3408,46,"(28, 33)",male,"(62, 63)",fatal,"(77, 78)",TRUE,"(37, 40)",motorcycle,"(37, 40)",,
685,3408,,,,,none,"(83,85)",TRUE,"(80,82)",car,"(80,82)",,
82,3255,34,"(31, 36)",male,"(69, 70)",serious,"(75, 76)",TRUE,"(45, 54)",car,"(45, 54)",,
83,3255,30,"(112, 117)",male,"(117, 118)",none,,TRUE,"(107, 117)",car,"(107, 117)",,
84,3255,59,"(87, 92)",male,"(92, 93)",serious,"(137, 138)",TRUE,"(92, 99)",motorcycle,"(92, 99)",,
85,3220,25,"(48, 53)",male,"(64, 65)",fatal,"(460, 461)",FALSE,,,,,
86,3220,44,"(74, 79)",male,"(367, 368)",none,,TRUE,"(69, 79)",car,"(69, 79)",,
87,3197,56,"(66, 71)",female,"(71, 72)",serious,"(7, 8)",FALSE,,,,,
88,3197,58,"(40, 45)",female,"(45, 46)",none,,FALSE,,,,,
89,3197,66,"(55, 60)",male,"(60, 61)",none,,TRUE,"(50, 60)",motorcycle,"(50, 60)",,
90,3206,52,"(34, 39)",male,"(31, 32)",serious,"(3, 4)",TRUE,"(26, 45)",motorcycle,"(26, 45)",,
91,3169,35,"(30, 35)",male,"(91, 92)",none,,TRUE,"(23, 44)",motorcycle,"(23, 44)",,
92,3169,26,"(67, 72)",female,"(72, 73)",none,,TRUE,"(62, 72)",car,"(62, 72)",,
93,3100,25,"(82, 87)",male,"(87, 88)",none,,TRUE,"(76, 87)",van,"(34, 35)",,
94,3100,36,"(95, 100)",,,none,,FALSE,,,,,
95,3095,24,"(2, 5)",male,"(39, 40)",fatal,"(59, 60)",TRUE,"(49, 50)",,"(49, 50)",,
96,3095,25,"(68, 73)",,,minor,"(77,78)",FALSE,,,,,
97,3090,24,"(23, 26)",male,"(139, 140)",fatal,"(29, 30)",TRUE,"(1, 2)",car,"(1, 2)",,
98,3090,,,male,"(158, 161)",fatal,"(162, 163)",TRUE,"(157, 158)",motorcycle,"(157, 158)",,
99,3090,25,"(218, 221)",male,"(216, 218)",fatal,"(226, 227)",TRUE,"(229, 230)",car,"(229, 230)",,
100,3090,24,"(180, 185)",female,"(195, 196)",fatal,"(191, 192)",FALSE,"(185, 186)",pedestrian,"(185, 186)",,
686,3090,,,,,none,,TRUE,"(202, 203)",truck,"(202, 203)",,
101,3001,39,"(19, 24)",male,"(79, 80)",serious,"(3, 4)",TRUE,"(27, 30)",motorcycle,"(27, 30)",,
102,3001,42,"(40, 45)",female,"(49, 50)",none,,TRUE,"(48, 52)",car,"(48, 52)",,
104,2974,50,"(1, 6)",male,"(65, 66)",serious,"(8, 9)",FALSE,,,,,
105,2974,55,"(57, 62)",,,none,,TRUE,"(52, 61)",car,"(52, 61)",,
106,2940,3,"(1, 6)",female,"(6,7)",none,,FALSE,,car,"(65,67)",,
107,2940,44,"(76, 81)",,,none,,TRUE,"(82, 83)",trailer,"(81, 83)",,
687,2940,30,"(57,58)",male,"(53,54)",,,,"(65,67)",car,"(65,67)",,
688,2940,27,"(59,60)",female,"(55,56)",,,,"(65,67)",car,"(65,67)",,
108,2872,45,"(27, 32)",male,"(24, 25)",serious,"(3, 4)",TRUE,"(19, 41)",motorcycle,"(19, 41)",,
109,2872,32,"(60, 65)",female,"(66, 67)",none,,TRUE,"(45, 66)",car,"(45, 66)",,
110,2873,17,"(21, 26)",female,"(205, 206)",fatal,"(92, 93)",FALSE,"(69, 87)",car,"(69, 87)",,
111,2853,80,"(5,6)",male,"(65, 66)",serious,"(97, 98)",TRUE,"(38, 41)",car,"(38, 41)",,
112,2853,80,"(5,6)",male,"(1, 2)",serious,"(97, 98)",FALSE,,,,,
113,2849,61,"(1, 5)",male,"(78, 79)",serious,"(84, 85)",TRUE,"(68, 69)",carriage,"(68, 69)",,
114,2849,31,"(58, 62)",male,"(62, 63)",none,,TRUE,"(53, 62)",unknown,"(53, 62)",,
115,2792,23,"(47, 52)",,,,,TRUE,"(24, 37)",motorcycle,"(24, 37)",,
116,2792,29,"(127, 132)",male,"(75, 76)",serious,"(139, 140)",FALSE,,,,,
117,2792,50,"(106, 111)",female,"(124, 125)",serious,"(139, 140)",TRUE,"(101, 111)",car,"(101, 111)",,
118,2745,23,"(78, 83)",male,"(347, 348)",serious,"(35,48)",TRUE,"(21, 22)",motorcycle,"(1,2)",,
120,2666,,,male,"(59, 60)",serious,"(5, 6)",TRUE,"(50, 55)",motorcycle,"(50, 55)",,
121,2658,75,"(1, 6)",male,"(52, 53)",serious,"(8, 9)",TRUE,"(46, 49)",car,"(46, 49)",,
122,2557,56,"(50, 55)",female,"(66, 67)",none,,TRUE,"(47, 48)",car,"(47, 48)",,
123,2492,45,"(48, 53)",male,"(53, 54)",none,,TRUE,"(42, 76)",bus,"(42, 76)",,
124,2492,35,"(70, 75)",male,"(86, 87)",serious,"(115, 116)",TRUE,"(113, 114)",car,"(112, 114)",,
125,2452,35,"(69, 74)",male,"(74, 75)",serious,"(7, 8)",TRUE,"(62, 63)",truck,"(66,67)",,
126,2461,34,"(68, 73)",male,"(74, 75)",none,,TRUE,"(63, 74)",car,"(63, 74)",,
127,2461,39,"(82, 87)",male,"(81, 82)",minor,"(96, 97)",TRUE,"(73, 86)",car,"(73, 86)",,
128,2461,24,"(116, 121)",female,"(158, 159)",none,,FALSE,"(121, 130)",car,"(121, 130)",,
129,2419,68,"(41, 46)",male,"(46, 47)",minor,"(94, 95)",FALSE,,,,,
130,2419,59,"(61, 66)",male,"(66, 67)",none,,TRUE,"(56, 66)",car,"(56, 66)",,
131,2419,64,"(34,39)",female,"(82, 83)",serious,"(88, 89)",FALSE,,,,,
132,2409,40,"(1, 6)",male,"(46, 47)",serious,"(8, 9)",TRUE,"(52, 55)",motorcycle,"(52, 55)",,
133,2301,32,"(26, 31)",male,"(98, 99)",serious,"(95, 96)",TRUE,"(36, 39)",motorcycle,"(36, 39)",,
134,2301,31,"(58, 63)",male,"(63, 64)",none,,TRUE,"(52, 63)",bus,"(52, 63)",,
135,2259,43,"(40, 45)",female,"(87, 88)",serious,"(5, 6)",TRUE,"(31, 37)",car,"(31, 37)",,
136,2259,26,"(58, 63)",male,"(63, 64)",none,,TRUE,"(53, 63)",truck,"(53, 63)",,
689,2201,,,,,none,"(70,71)",TRUE,"(60,61)",motorcycle,"(60,61)",,
690,2201,,,,,none,"(70,71)",FALSE,"(66,67)",,,,
137,2201,,,,,none,,TRUE,"(50, 56)",unknown,"(50, 56)",,
138,2157,33,"(1, 6)",male,"(75, 76)",serious,"(82, 83)",TRUE,"(40, 50)",bicycle,"(7,8)",,
139,2157,32,"(45, 50)",male,"(50, 51)",none,,TRUE,"(40, 50)",truck,"(40, 50)",,
140,2080,87,"(1, 6)",female,"(54, 55)",serious,"(56, 57)",FALSE,,,,,
142,2080,30,"(38, 43)",male,"(43, 44)",none,,TRUE,"(35, 36)",car,"(16,17)",,
143,2101,48,"(1, 6)",male,"(284, 285)",none,,TRUE,"(291, 292)","11,600 and his driving licence was suspended for","(291, 292)",,
144,2101,45,"(47, 50)",female,"(257, 258)",fatal,"(16, 17)",FALSE,,,,,
146,1989,31,"(31, 36)",,,serious,"(3, 4)",TRUE,"(1, 2)",motorcycle,"(1, 2)",,
147,1989,19,"(65, 70)",female,"(70, 71)",none,,TRUE,"(54, 70)",car,"(54, 70)",,
148,1967,41,"(62, 67)",male,"(67, 68)",serious,"(75, 76)",TRUE,"(73, 74)",motorcycle,"(73, 74)",,
149,1967,25,"(45, 50)",male,"(50, 51)",none,,TRUE,"(40, 50)",car,"(40, 50)",,
150,1856,39,"(63, 68)",male,"(76, 77)",minor,"(99, 100)",TRUE,"(57, 68)",bus,"(57, 68)",,
691,1856,79,"(92,93)",,,minor,"(99, 100)",FALSE,,bus,"(57, 68)",,
692,1856,79,"(92,93)",,,minor,"(99, 100)",FALSE,,bus,"(57, 68)",,
693,1856,79,"(92,93)",,,minor,"(99, 100)",FALSE,,bus,"(57, 68)",,
151,1856,81,"(104, 109)",male,"(157, 158)",minor,"(160, 161)",TRUE,"(113, 115)",car,"(113, 115)",,
152,1856,80,"(126, 131)",female,"(146, 147)",serious,"(153, 154)",FALSE,,car,"(113, 115)",,
153,1860,41,"(1, 6)",male,"(46, 47)",serious,"(10, 11)",TRUE,"(42, 46)",cars - a Smart driven by the man and,"(42, 46)",,
154,1860,36,"(54, 59)",female,"(59, 60)",none,,TRUE,"(49, 59)",car,"(49, 59)",,
155,1808,36,"(51, 56)",male,"(108, 109)",serious,"(115, 116)",TRUE,"(56, 60)",motorcycle,"(56, 60)",,
156,1808,52,"(90, 95)",male,"(95, 96)",none,,TRUE,"(85, 95)",van,"(85, 95)",,
157,1808,53,"(74, 79)",male,"(79, 80)",none,,TRUE,"(68,71)",car,"(68,71)",,
158,1776,79,"(1, 5)",male,"(83, 84)",serious,"(89, 90)",TRUE,"(16, 21)",motorcycle,"(16, 21)",,
159,1776,46,"(61, 66)",male,"(66, 67)",none,,TRUE,"(56, 66)",car,"(56, 66)",,
160,1769,80,"(66, 70)",male,"(85, 86)",serious,"(92, 93)",FALSE,,,,,
161,1769,22,"(44, 48)",male,"(48, 49)",none,,TRUE,"(37, 48)",car,"(37, 48)",,
162,1745,46,"(31, 36)",,,serious,"(11, 12)",FALSE,,,,,
163,1718,31,"(46, 51)",female,"(52, 53)",none,,TRUE,"(41, 52)",car,"(41, 52)",,
164,1718,72,"(1, 6)",male,"(72, 73)",serious,"(10, 11)",TRUE,"(57, 62)",motorcycle,"(57, 62)",,
165,1490,63,"(1, 5)",male,"(87, 88)",serious,"(93, 94)",TRUE,"(68, 74)",motorcycle,"(68, 74)",,
166,1490,54,"(54, 58)",male,"(58, 59)",none,,TRUE,"(49, 58)",unknown,"(49, 58)",,
167,1489,74,"(46, 51)",male,"(51, 52)",none,,TRUE,"(42, 51)",car,"(42, 51)",,
168,1489,73,"(76, 81)",female,"(124, 125)",serious,"(129, 130)",FALSE,,,,,
169,1489,33,"(60, 65)",male,"(66, 67)",none,,TRUE,"(51, 66)",car,"(51, 66)",,
170,1467,43,"(1, 6)",male,"(48, 49)",none,,TRUE,"(6, 7)",motorcycle,"(6, 7)",,
171,1380,34,"(58, 63)",,,serious,"(3, 4)",TRUE,"(1, 2)",motorcycle,"(1, 2)",,
172,1380,23,"(41, 46)",,,none,,TRUE,"(36, 47)",van,"(36, 47)",,
173,1352,39,"(1, 6)",male,"(797, 798)",serious,"(75, 76)",TRUE,"(273, 282)",motorcycle,"(61,62)",,
174,1286,29,"(57, 62)",,,serious,"(3, 4)",TRUE,"(37, 48)",,,,
175,1286,34,"(43, 48)",male,"(48, 49)",none,,TRUE,"(37, 48)",van,"(37, 48)",,
177,1275,54,"(49, 54)",female,"(54, 55)",none,,TRUE,"(44, 54)",car,"(44, 54)",,
178,1275,62,"(1, 6)",,,none,,TRUE,"(59, 60)",motorcycle,"(59, 60)",,
179,1227,22,"(28, 33)",female,"(33, 34)",serious,"(3, 4)",TRUE,"(25, 40)",motorcycle,"(25, 40)",,
180,1227,19,"(59, 64)",female,"(64, 65)",none,,TRUE,"(44, 64)",car,"(44, 64)",,
694,1165,,,,,serious,"(78, 79)",TRUE,"(14,16)",car,"(14,16)",,
181,1165,,,female,"(70, 71)",minor,"(72,73)",TRUE,"(14,16)",car,"(14,16)",,
182,1034,29,"(1, 6)",male,"(63, 64)",serious,"(8, 9)",TRUE,"(35, 36)",car,"(44,46)",,
183,1015,37,"(25, 30)",male,"(106, 107)",serious,"(109, 110)",TRUE,"(41, 47)",motorcycle,"(41, 47)",,
184,1015,65,"(62, 67)",male,"(69, 70)",none,,TRUE,"(57, 69)",car,"(57, 69)",,
185,974,5,"(2, 5)",male,"(67, 68)",serious,"(6, 7)",FALSE,,,,,
186,974,22,"(49, 54)",male,"(54, 55)",none,,TRUE,"(44, 54)",car,"(44, 54)",,
187,964,35,"(25, 30)",male,"(39, 40)",fatal,"(35, 36)",TRUE,"(23, 24)",car,"(23, 24)",,
188,933,35,"(57, 62)",male,"(126, 127)",fatal,"(66, 67)",TRUE,"(4, 5)",motorcycle,"(4, 5)",,
189,760,62,"(35, 40)",,,serious,"(3, 4)",TRUE,"(64, 65)",car,"(64, 65)",,
190,751,21,"(26, 31)",male,"(55, 56)",serious,"(5, 6)",TRUE,"(53, 58)",motorcycle,"(53, 58)",,
191,751,,,,,none,,TRUE,"(62, 66)",unknown,"(62, 66)",,
192,685,22,"(62, 67)",female,"(80, 81)",serious,"(137, 138)",TRUE,"(57, 67)",car,"(57, 67)",,
193,685,21,"(85, 90)",male,"(128, 129)",minor,"(107, 108)",FALSE,,car,"(57, 67)",,
194,685,2,"(5, 10)",,,minor,"(107, 108)",FALSE,,car,"(57, 67)",,
695,685,,,male,"(124, 125)",none,,TRUE,"(119, 124)",car,"(119, 124)",,
696,685,,,male,"(128, 129)",serious,"(137, 138)",FALSE,,car,"(119, 124)",,
195,679,39,"(25, 30)",male,"(45, 46)",serious,"(3, 4)",TRUE,"(33, 35)",motorcycle,"(33, 35)",,
196,679,36,"(59, 64)",female,"(64, 65)",none,,TRUE,"(55, 64)",car,"(55, 64)",,
197,640,43,"(20, 25)",male,"(25,27)",fatal,"(38, 39)",TRUE,"(1, 2)",motorcycle,"(1, 2)",,
198,654,67,"(25, 30)",male,"(174, 175)",fatal,"(163, 164)",TRUE,"(75,76)",motorcycle,"(75,76)",,
199,607,67,"(3, 7)",,,fatal,"(101, 102)",TRUE,"(34, 46)",bicycle,"(7,8)",,
697,607,,,,,none,,TRUE,"(34, 46)",van,"(34, 46)",,
698,607,,,,,none,,TRUE,"(34, 46)",car,"(34, 46)",,
200,522,64,"(1, 6)",male,"(50, 51)",serious,"(9, 10)",TRUE,"(18,19)",motorcycle,"(18,19)",,
201,404,39,"(65, 69)",male,"(69, 70)",none,,TRUE,"(60, 69)",car,"(60, 69)",,
202,404,53,"(39, 44)",male,"(85, 86)",serious,"(91, 92)",TRUE,"(44, 52)",motorcycle,"(44, 52)",,
203,404,32,"(112, 117)",,,fatal,"(118, 119)",TRUE,"(117, 118)",,"(117, 118)",,
204,404,53,"(133, 138)",,,none,,TRUE,"(139, 140)",,"(139, 140)",,
205,404,,,female,"(163, 164)",serious,"(165, 166)",FALSE,,,,,
206,407,53,"(1, 6)",male,"(76, 77)",none,,TRUE,"(87, 88)",bus,"(6,7)",,
207,408,28,"(74, 79)",female,"(128, 129)",serious,"(130, 131)",FALSE,"(84,89)",car,"(62, 67)",,
208,408,57,"(52, 57)",male,"(57, 58)",serious,"(123, 124)",TRUE,"(47, 57)",car,"(47, 57)",,
209,408,32,"(3, 8)",male,"(8, 9)",fatal,"(10, 11)",TRUE,"(62, 67)",car,"(62, 67)",,
210,416,57,"(36, 40)",female,"(71, 72)",serious,"(78, 79)",FALSE,,pedestrian,,,
211,416,52,"(52, 56)",male,"(56, 57)",none,,TRUE,"(47, 56)",car,"(47, 56)",,
699,381,23,"(66,71)",male,"(1, 2)",serious,"(5, 6)",TRUE,"(61,63)",motorcycle,"(61,63)",,
212,381,53,"(127, 132)",,,serious,"(134, 135)",TRUE,"(76, 77)",motorcycle,"(132, 133)",,
213,381,64,"(50, 55)",male,"(55, 56)",none,,TRUE,"(44, 55)",car,"(44, 55)",,
214,381,57,"(150, 155)",female,"(156, 157)",none,,FALSE,,,,,
215,370,32,"(161, 166)",male,"(97, 98)",fatal,"(168, 169)",FALSE,,,,,
216,361,57,"(1, 6)",female,"(63, 64)",fatal,"(20, 21)",FALSE,,,,,
217,361,52,"(74, 79)",male,"(79, 80)",none,,TRUE,"(69, 79)",car,"(69, 79)",,
218,313,23,"(82, 87)",female,"(98, 99)",minor,"(101, 102)",TRUE,"(67, 68)",car,"(70,71)",,
219,287,,,male,"(53, 54)",,,TRUE,"(59, 65)",motorcycle,"(59, 65)",,
700,287,,,female,"(56,57)",,,FALSE,,motorcycle,"(59, 65)",,
220,287,34,"(82,83)",female,"(80, 81)",none,,TRUE,"(80, 89)",car,"(80, 89)",,
221,113265,46,"(54, 59)",male,"(75, 76)",serious,"(81, 82)",TRUE,"(64, 65)",motorcycle,"(64, 65)",,
222,113265,23,"(38, 43)",male,"(43, 44)",none,,TRUE,"(32, 43)",car,"(32, 43)",,
223,190828,30,"(36, 41)",male,"(73, 74)",serious,"(5, 6)",TRUE,"(28, 33)",motorcycle,"(28, 33)",,
224,190828,34,"(63, 68)",female,"(68, 69)",none,,TRUE,"(58, 68)",car,"(58, 68)",,
225,139548,45,"(54, 59)",male,"(75, 76)",serious,"(81, 82)",TRUE,"(64, 65)",motorcycle,"(64, 65)",,
226,139548,40,"(35, 40)",female,"(41, 42)",none,,TRUE,"(31, 41)",car,"(31, 41)",,
228,102356,46,"(100, 103)",male,"(134, 135)",none,,TRUE,"(44, 49)",truck,"(14,15)",,
230,220724,30,"(37, 42)",,,serious,"(5, 6)",TRUE,"(24, 34)",motorcycle,"(24, 34)",,
231,220724,35,"(28, 33)",,,none,,FALSE,,,,,
232,167578,32,"(45, 48)",male,"(337, 338)",none,"(63, 64)",TRUE,"(343, 344)",car,"(1,2)",,
233,167578,,,female,"(33,34)",serious,"(12, 13)",FALSE,"(34,37)",pedestrian,"(34,37)",,
235,141175,45,"(22, 26)",female,"(80, 81)",serious,"(86, 87)",TRUE,"(30, 34)",motorcycle,"(30, 34)",,
236,141175,24,"(49, 53)",female,"(53, 54)",none,,TRUE,"(44, 53)",car,"(44, 53)",,
237,130030,70,"(1, 6)",female,"(69, 70)",serious,"(10, 11)",TRUE,"(22, 48)",car,"(22, 48)",,
238,226588,17,"(43, 48)",male,"(70, 71)",serious,"(8, 9)",TRUE,"(2, 25)",motorcycle,"(2, 25)",,
239,226588,41,"(60, 65)",,,none,,TRUE,"(55, 66)",car,"(55, 66)",,
243,450477,16,"(1, 6)",male,"(61, 62)",serious,"(85, 86)",TRUE,"(15,16)",bicycle,"(15,16)",,
244,297729,22,"(44, 49)",male,"(468, 469)",none,,TRUE,"(60, 62)",motorcycle,"(60, 62)",,
245,297729,,,male,"(236, 237)",none,,TRUE,"(187, 193)",van,"(187, 193)",,
246,353524,,,male,"(408, 409)",fatal,"(590, 591)",FALSE,,pedestrian,"(11,12)",,
247,353524,83,"(52,53)",male,"(206, 207)",none,,TRUE,"(82,84)",car,"(82,84)",,
249,353518,81,"(152, 157)",male,"(157, 158)",serious,"(161, 162)",TRUE,"(77, 87)",car,"(77, 87)",,
250,353518,79,"(93, 98)",female,"(142, 143)",fatal,"(145, 146)",FALSE,,,,,
251,353518,24,"(67, 72)",male,"(72, 73)",none,,TRUE,"(60, 72)",van,"(60, 72)",,
252,353565,65,"(15, 19)",male,"(76, 77)",serious,"(82, 83)",TRUE,"(27, 30)",motorcycle,"(27, 30)",,
253,353525,40,"(33, 38)",male,"(47, 48)",serious,"(10, 11)",TRUE,"(41, 50)",motorcycle,"(41, 50)",,
254,353525,33,"(60, 65)",female,"(66, 67)",serious,"(104, 105)",FALSE,,,,,
255,386207,27,"(1, 6)",male,"(83, 84)",fatal,"(86, 87)",TRUE,"(47, 52)",motorcycle,"(47, 52)",,
256,386207,22,"(34, 39)",male,"(39, 40)",none,,TRUE,"(28,31)",car,"(28,31)",,
257,386270,71,"(104, 109)",female,"(109, 110)",fatal,"(114, 115)",TRUE,"(51,53)",car,"(51,53)",,
258,386270,23,"(122, 127)",female,"(139, 140)",serious,"(136, 137)",TRUE,"(127, 132)",car,"(51,53)",,
259,450529,34,"(55, 58)",,,,,TRUE,"(8,9)",motorcycle,"(8,9)",,
260,450529,71,"(36, 39)",male,"(39, 40)",none,,TRUE,"(32, 39)",car,"(32, 39)",,
261,386182,62,"(192, 193)",female,"(37, 38)",fatal,"(39, 40)",FALSE,,,,,
262,386182,58,"(75, 80)",male,"(111, 112)",fatal,"(112, 113)",TRUE,"(3, 4)",motorcycle,"(3, 4)",,
263,386182,23,"(167, 172)",male,"(172, 173)",none,,TRUE,"(162, 172)",car,"(162, 172)",,
264,386182,69,"(204, 209)",male,"(209, 210)",minor,"(217, 218)",TRUE,"(214, 215)",car,"(214, 215)",,
265,386315,62,"(29, 34)",female,"(193, 194)",fatal,"(155, 156)",FALSE,,,,,
266,386315,23,"(51, 56)",male,"(56, 57)",none,,TRUE,"(36, 56)",car,"(36, 56)",,
267,386315,23,"(315, 320)",female,"(320, 321)",serious,"(331, 332)",TRUE,"(320, 327)",unknown,"(320, 327)",,
268,451726,63,"(1, 6)",male,"(58, 59)",fatal,"(62, 63)",FALSE,,,,,
269,451726,27,"(85, 90)",,,fatal,"(143, 144)",TRUE,"(90, 91)",motorcycle,"(90, 91)",,
270,451726,,"(180, 185)",female,"(120, 121)",fatal,"(121, 122)",FALSE,,,,,
271,467167,23,"(62, 67)",male,"(82, 83)",none,,TRUE,"(56, 57)",car,"(46,48)",drunk,"(78,81)"
272,467167,62,"(245, 248)",female,"(255, 256)",fatal,"(43, 44)",FALSE,,,,,
273,467167,69,"(259, 262)",male,"(393, 394)",none,,FALSE,,car,"(252, 254)",,
274,467110,29,"(39, 44)",male,"(80, 81)",serious,"(86, 87)",TRUE,"(69, 70)",motorcycle,"(69, 70)",,
275,467110,42,"(58, 63)",male,"(63, 64)",none,,TRUE,"(48, 63)",car,"(48, 63)",,
282,489339,67,"(43, 48)",male,"(75, 76)",none,,TRUE,"(52, 56)",motorcycle,"(52, 56)",,
283,489339,79,"(66, 71)",female,"(72, 73)",none,,TRUE,"(61, 72)",car,"(61, 72)",,
284,489475,77,"(172, 175)",male,"(205, 206)",serious,"(11, 12)",FALSE,,,,,
285,489475,71,"(103, 108)",female,"(123, 124)",fatal,"(117, 118)",TRUE,"(78,84)",car,"(78,84)",,
286,489475,23,"(124, 129)",female,"(129, 130)",critical,"(134, 135)",FALSE,,car,"(78,84)",,
287,489475,42,"(156, 161)",female,"(161, 162)",none,,TRUE,"(153, 154)",car,"(153, 154)",,
701,489475,14,"(166, 167)",male,"(164, 165)",,,FALSE,"(153, 154)",car,"(153, 154)",,
702,489475,11,"(168, 169)",male,"(164, 165)",,,FALSE,"(153, 154)",car,"(153, 154)",,
288,489370,67,"(35, 40)",male,"(65, 66)",serious,"(5, 6)",TRUE,"(31, 40)",motorcycle,"(31, 40)",,
289,489370,28,"(131, 136)",male,"(112, 113)",serious,"(155, 156)",TRUE,"(102, 112)",car,"(102, 112)",,
290,489370,79,"(51, 56)",female,"(57, 58)",none,,TRUE,"(46, 57)",car,"(46, 57)",,
291,489370,36,"(122, 127)",female,"(128, 129)",none,,TRUE,"(117, 128)",car,"(117, 128)",,
292,489720,8,"(145, 150)",,,serious,"(8, 9)",FALSE,"(123, 125)",motorcycle,"(123, 125)",,
293,489720,48,"(36, 41)",,,serious,"(163, 164)",TRUE,"(30, 42)",motorcycle,"(30, 42)",,
294,489720,60,"(60, 65)",,,none,,TRUE,"(55, 65)",car,"(55, 65)",,
295,489720,23,"(91, 96)",male,"(96, 97)",none,,TRUE,"(86, 96)",van,"(86, 96)",,
296,489720,45,"(107, 112)",male,"(112, 113)",serious,"(163, 164)",TRUE,"(102, 112)",motorcycle,"(102, 112)",,
297,489728,8,"(159, 164)",,,serious,"(17, 18)",FALSE,"(137, 139)",motorcycle,"(137, 139)",,
298,489728,48,"(45, 50)",,,serious,"(17, 18)",TRUE,"(39, 51)",motorcycle,"(39, 51)",,
299,489728,60,"(69, 74)",,,none,,TRUE,"(64, 74)",car,"(64, 74)",,
300,489728,23,"(105, 110)",male,"(110, 111)",none,,TRUE,"(100, 110)",van,"(100, 110)",,
301,489728,45,"(121, 126)",male,"(126, 127)",serious,"(17, 18)",TRUE,"(116, 126)",motorcycle,"(116, 126)",,
302,489733,,,,,,"(105, 106)",TRUE,"(91, 92)",car,"(3,4)",,
303,490010,25,"(1, 6)",female,"(93, 94)",minor,"(96,98)",TRUE,"(36, 39)",car,"(36, 39)",,
304,489990,42,"(291, 296)",male,"(296, 297)",minor,"(307, 308)",TRUE,"(288, 289)",car,"(288, 289)",,
306,489878,42,"(84, 89)",male,"(214, 215)",fatal,"(206, 207)",TRUE,"(106, 110)",motorcycle,"(106, 110)",,
307,489878,17,"(134, 139)",,,none,,TRUE,"(139, 140)",car,"(100, 102)",,
309,489889,42,"(24, 29)",male,"(107, 108)",fatal,"(141, 142)",TRUE,"(29, 30)",motorcycle,"(29, 30)",,
310,489889,17,"(151, 156)",,,none,,TRUE,"(235, 236)",car,"(88,90)",,
311,489889,18,"(58, 63)",female,"(194, 195)",serious,"(209, 210)",FALSE,,,,,
312,489884,72,"(1, 6)",male,"(37, 38)",serious,"(8, 9)",FALSE,,,,,
313,489884,78,"(51, 56)",male,"(56, 57)",none,,TRUE,"(43, 56)",van,"(43, 56)",,
314,490008,42,"(46, 51)",male,"(192, 193)",minor,"(58, 59)",TRUE,"(104, 105)",car,"(9,10)",drunk,"(22, 23)"
315,490101,42,"(30, 33)",male,"(145, 146)",fatal,"(6,7)",TRUE,"(44,45)",motorcycle,"(44,45)",,
316,490101,17,"(222, 227)",male,"(264, 265)",none,,TRUE,"(245, 250)",car,"(245, 250)",,
317,490073,,,male,"(99, 100)",none,,TRUE,"(80, 85)",car,"(80, 85)",,
318,490073,42,"(45, 50)",,,fatal,"(42, 43)",TRUE,"(50, 51)",motorcycle,"(50, 51)",,
319,490073,18,"(109, 114)",female,"(114, 115)",none,,FALSE,,,,,
320,489993,33,"(29, 34)",male,"(51, 52)",serious,"(4, 5)",FALSE,,,,,
321,490183,23,"(147, 152)",male,"(531, 532)",none,,TRUE,"(226, 231)","CCTV cameras, explaining that the accused drove around Fort St Elmo","(226, 231)",drunk,"(93, 96)"
322,490183,62,"(112, 115)",female,"(362, 363)",serious,"(366, 367)",FALSE,,,,,
323,490165,,,male,"(58, 59)",none,,FALSE,,,,,
324,490165,,,,,none,,TRUE,"(61, 62)",car,"(37,38)",,
327,490160,42,"(97, 100)",male,"(484, 485)",fatal,"(147, 148)",TRUE,"(111, 112)",motorcycle,"(111, 112)",,
328,490160,17,"(126, 131)",,,none,,TRUE,"(149, 151)",car,"(116, 118)",drunk,"(151, 154)"
329,490329,17,"(134, 139)",,,none,,TRUE,"(55, 63)",car,"(55, 63)",,
330,490329,42,"(39, 42)",male,"(48, 49)",fatal,"(43, 44)",TRUE,"(47, 51)",motorcycle,"(47, 51)",,
331,490329,28,"(223, 228)",,,fatal,"(222, 223)",TRUE,"(231, 232)",,"(231, 232)",,
332,490371,21,"(1, 6)",male,"(56, 57)",serious,"(87, 88)",TRUE,"(73, 74)",motorcycle,"(73, 74)",,
333,490568,21,"(24, 29)",male,"(62, 63)",fatal,"(64, 65)",TRUE,"(69, 70)",motorcycle,"(69, 70)",,
336,490632,28,"(32, 37)",male,"(195, 196)",fatal,"(123, 124)",TRUE,"(39, 40)",,"(39, 40)",,
337,490684,53,"(38, 43)",male,"(43, 44)",none,,TRUE,"(34, 43)",motorcycle,"(34, 43)",,
338,490684,,,,,none,,TRUE,"(77, 78)",,"(77, 78)",,
339,490653,21,"(4, 8)",male,"(94, 95)",fatal,"(11, 12)",FALSE,,,,,
340,490697,43,"(53, 58)",,,none,,TRUE,"(58, 59)",motorcycle,"(58, 59)",substance intoxicated,"(24,25)"
703,490697,,,male,"(452, 454)",none,,TRUE,"(464, 465)",car,"(464, 465)",drunk,"(457, 462)"
341,490697,62,"(466, 471)",female,"(480, 481)",none,,FALSE,,,,,
342,490697,42,"(508, 511)",,,fatal,"(515, 516)",TRUE,"(518, 519)",motorcycle,"(518, 519)",,
343,490697,17,"(527, 532)",male,"(554, 555)",none,,TRUE,"(523, 531)",car,"(523, 531)",drunk,"(556, 561)"
344,490697,,,,,none,,TRUE,"(594, 595)",,"(594, 595)",drunk,"(596, 599)"
345,490746,42,"(131, 136)",male,"(659, 660)",none,,TRUE,"(151, 159)",car,"(1, 3)",drunk,"(5, 11)"
346,490815,75,"(1, 6)",male,"(6, 7)",serious,"(10, 11)",FALSE,,pedestrian,"(62,63)",,
347,490815,29,"(50, 55)",male,"(55, 56)",none,,TRUE,"(43, 55)",unknown,"(43, 55)",,
704,491011,,,,,,,TRUE,"(1,3)",bus,"(1,3)",,
705,491011,,,,,,,TRUE,"(5,6)",car,"(5,6)",,
348,491118,,,male,"(51, 52)",none,,TRUE,"(45, 51)",car,"(45, 51)",drunk,"(75, 80)"
706,491118,,,,,,,TRUE,"(59,60)",bus,"(59,60)",,
349,491226,57,"(35, 39)",male,"(84, 85)",serious,"(90, 91)",TRUE,"(39, 47)",motorcycle,"(39, 47)",,
350,491226,25,"(94, 98)",female,"(98,99)",none,,,"(108, 109)",car,"(108, 109)",,
351,491226,,,male,"(128, 129)",none,,,"(108, 109)",car,"(108, 109)",,
352,491307,57,"(36, 41)",male,"(41, 42)",serious,"(16, 17)",TRUE,"(43, 50)",motorcycle,"(43, 50)",,
353,491307,25,"(78, 82)",female,"(107, 108)",none,,FALSE,,car,"(59,61)",,
354,491307,,,male,"(140, 141)",none,,TRUE,"(116, 117)",car,"(59,61)",,
355,491334,27,"(4, 9)",male,"(71, 72)",none,,TRUE,"(72, 87)",motorcycle,"(72, 87)",,
357,491334,22,"(64, 69)",,,none,,TRUE,"(60, 68)",car,"(60, 68)",,
358,491371,,,male,"(176, 177)",fatal,"(99, 100)",TRUE,,motorcycle,,,
359,491371,17,"(105, 110)",male,"(123, 124)",none,,TRUE,"(121, 122)",car,,drunk,"(169, 174)"
360,491489,57,"(30, 35)",male,"(71, 72)",serious,"(77, 78)",TRUE,"(35, 41)",motorcycle,"(35, 41)",,
361,491489,25,"(88, 93)",female,"(93, 94)",none,,FALSE,,,,,
362,491489,17,"(220, 225)",,,none,,TRUE,"(225, 226)",,"(225, 226)",,
363,491557,,,,,none,,TRUE,"(73, 74)",car,"(73, 74)",,
364,491707,28,"(34, 38)",male,"(76, 77)",serious,"(82, 83)",TRUE,"(38, 44)",motorcycle,"(38, 44)",,
365,491707,32,"(57, 61)",male,"(61, 62)",none,,TRUE,"(52, 61)",car,"(52, 61)",,
366,491720,44,"(36, 41)",female,"(203, 204)",none,,TRUE,"(13, 14)",car,"(13, 14)",drunk,"(97, 102)"
367,491720,,,,,serious,"(14, 15)",TRUE,"(63, 70)",motorcycle,"(63, 70)",,
368,492026,44,"(26, 31)",female,"(217, 218)",none,,TRUE,"(132, 135)",car,"(132, 135)",drunk,"(174, 179)"
369,492026,53,"(108, 113)",,,serious,"(14, 15)",TRUE,"(13, 14)",motorcycle,"(13, 14)",,
372,492029,,,,,none,,TRUE,"(26,27)",truck,"(26,27)",,
373,492115,55,"(34, 38)",male,"(102, 103)",serious,"(108, 109)",TRUE,"(44, 47)",motorcycle,"(44, 47)",,
374,492115,33,"(62, 66)",female,"(66, 67)",none,,TRUE,"(57, 66)",car,"(57, 66)",,
375,492115,74,"(71, 75)",male,"(75, 76)",none,,FALSE,"(81,82)",car,"(57, 66)",,
376,492291,87,"(8, 13)",female,"(93, 94)",serious,"(100, 101)",FALSE,,,,,
377,492291,68,"(59, 64)",male,"(64, 65)",none,,TRUE,"(55, 64)",unknown,"(55, 64)",,
378,492646,69,"(28, 32)",female,"(32,33)",fatal,"(5,6)",TRUE,"(19, 37)",car,"(19, 37)",,
707,492646,73,"(25,26)",male,"(21, 22)",fatal,"(5,6)",FALSE,"(19, 37)",car,"(19, 37)",,
708,492654,73,"(30,32)",male,"(27,29)",fatal,"(41,42)",TRUE,"(49,51)",car,"(49,51)",,
379,492654,69,"(36, 39)",female,"(34, 35)",fatal,"(41, 42)",FALSE,"(49,51)",car,"(49,51)",,
380,492806,35,"(96, 101)",male,"(101, 102)",serious,"(107, 108)",TRUE,"(58, 68)",motorcycle,"(58, 68)",,
381,492806,24,"(34, 39)",male,"(1, 2)",minor,"(116, 117)",TRUE,"(40, 49)",motorcycle,"(40, 49)",,
382,492962,62,"(41, 46)",female,"(218, 219)",fatal,"(7,8)",FALSE,,,,,
384,493044,62,"(61, 66)",male,"(95, 96)",serious,"(102, 103)",TRUE,"(85, 86)",motorcycle,"(85, 86)",,
385,493044,35,"(43, 48)",male,"(48, 49)",none,,TRUE,"(38, 48)",car,"(38, 48)",,
386,493372,33,"(23, 28)",male,"(53, 54)",serious,"(5, 6)",TRUE,"(37, 42)",motorcycle,"(37, 42)",,
387,493542,,,male,"(1, 2)",none,,TRUE,"(6, 7)",car,"(118, 119)",drunk,"(251, 253)"
391,493598,,,,,none,,TRUE,"(91, 92)",car,"(72,73)",,
392,493702,52,"(76, 81)",male,"(81, 82)",,,TRUE,"(71, 81)",motorcycle,"(71, 81)",,
393,493702,14,"(86, 91)",,,serious,"(9, 10)",TRUE,"(6,7)",bicycle,"(6,7)",,
394,493664,54,"(33, 38)",male,"(68, 69)",serious,"(5, 6)",TRUE,"(31, 50)",car,"(31, 50)",,
395,493670,69,"(132, 137)",male,"(137, 138)",serious,"(3, 4)",TRUE,"(45, 53)",car,"(45, 53)",,
396,493670,34,"(101, 103)",male,"(137, 138)",serious,"(3, 4)",TRUE,"(92,93)",motorcycle,"(92,93)",,
397,493670,24,"(115, 120)",male,"(120, 121)",none,,TRUE,"(110, 120)",car,"(110, 120)",,
398,493898,29,"(1, 6)",female,"(58, 59)",serious,"(9, 10)",FALSE,,pedestrian,"(39,40)",,
399,493898,69,"(49, 54)",female,"(54, 55)",none,,TRUE,"(44, 54)",car,"(44, 54)",,
400,493983,52,"(47, 52)",male,"(84, 85)",serious,"(91, 92)",FALSE,,pedestrian,"(75,76)",,
401,493983,26,"(64, 69)",male,"(69, 70)",none,,TRUE,"(59, 69)",car,"(59, 69)",,
404,494209,54,"(39, 44)",male,"(121, 122)",serious,"(125, 126)",TRUE,"(44, 50)",motorcycle,"(44, 50)",,
405,494209,34,"(63, 68)",male,"(68, 69)",none,,TRUE,"(58, 68)",car,"(58, 68)",,
406,494363,30,"(35, 39)",male,"(145, 146)",none,,TRUE,"(33, 45)",motorcycle,"(33, 45)",,
408,494363,34,"(60, 64)",male,"(64, 65)",serious,"(83, 84)",TRUE,"(55, 64)",motorcycle,"(55, 64)",,
409,494368,30,"(1, 6)",male,"(181, 182)",,,TRUE,"(13,14)",motorcycle,"(13,14)",,
410,494368,34,"(206, 211)",,,serious,"(212, 213)",TRUE,"(79,80)",motorcycle,"(79,80)",,
411,494438,77,"(1, 6)",female,"(53, 54)",serious,"(8, 9)",FALSE,,,,,
412,494438,75,"(43, 48)",male,"(48, 49)",none,,TRUE,"(38, 48)",car,"(38, 48)",,
413,494571,42,"(46, 51)",,,serious,"(56, 57)",TRUE,"(54,55)",motorcycle,"(54,55)",,
414,494571,,,,,none,,TRUE,"(8, 9)",car,"(8, 9)",,
415,494727,81,"(3,4)",female,"(17, 18)",serious,"(9, 10)",FALSE,,car,"(40, 56)",,
416,494727,82,"(51, 56)",male,"(56, 57)",none,,TRUE,"(40, 56)",car,"(40, 56)",,
417,494856,70,"(1, 6)",male,"(91, 92)",serious,"(95, 96)",FALSE,,,,,
418,494856,58,"(52, 57)",male,"(57, 58)",none,,TRUE,"(47, 57)",motorcycle,"(47, 57)",,
419,494910,33,"(63, 68)",male,"(84, 85)",serious,"(90, 91)",TRUE,"(73, 74)",motorcycle,"(73, 74)",,
420,494910,28,"(46, 51)",female,"(51, 52)",none,,TRUE,"(41, 51)",car,"(41, 51)",,
421,495320,,,female,"(160, 161)",none,,TRUE,"(149, 163)",unknown,"(149, 163)",,
709,495442,,,,,,,TRUE,"(13,15)",car,"(13,15)",,
423,495504,47,"(18, 22)",male,"(84, 85)",serious,"(90, 91)",TRUE,"(24, 32)",motorcycle,"(24, 32)",,
424,495504,53,"(46, 50)",female,"(50, 51)",none,,TRUE,"(41, 50)",car,"(41, 50)",,
425,495595,,,male,"(5,6)",fatal,"(11,12)",TRUE,"(114, 120)",car,"(21,22)",,
710,495595,,,male,"(5,6)",fatal,"(11,12)",FALSE,,car,"(21,22)",,
711,495595,,,female,"(8,9)",fatal,"(11,12)",FALSE,,car,"(21,22)",,
712,495595,,,female,"(8,9)",fatal,"(11,12)",FALSE,,car,"(21,22)",,
426,495731,68,"(61, 64)",male,"(206, 207)",fatal,"(71, 72)",TRUE,"(156, 160)",car,"(11,12)",,
427,495731,67,"(75, 78)",male,"(266, 267)",fatal,"(71, 72)",FALSE,,,,,
428,495731,66,"(82, 85)",female,"(269, 270)",fatal,"(71, 72)",FALSE,,,,,
429,495731,67,"(69,71)",female,"(66,67)",fatal,"(71, 72)",FALSE,,,,,
430,495807,43,"(132, 137)",female,"(137, 138)",minor,"(158, 159)",FALSE,,car,"(96, 107)",,
431,495807,19,"(69, 74)",male,"(74, 75)",minor,"(158, 159)",TRUE,"(64, 74)",car,"(64, 74)",,
432,495807,49,"(54, 59)",male,"(59, 60)",minor,"(158, 159)",TRUE,"(49,51)",car,"(49,51)",,
433,495807,50,"(102, 107)",male,"(107, 108)",minor,"(158, 159)",TRUE,"(96, 107)",car,"(96, 107)",,
713,495807,69,"(113, 114)",female,"(111, 112)",minor,"(158, 159)",FALSE,,car,"(96, 107)",,
714,495807,14,"(124, 125)",female,"(120, 121)",minor,"(158, 159)",FALSE,,car,"(96, 107)",,
434,495807,14,"(124, 125)",male,"(118, 119)",serious,"(149, 150)",FALSE,,car,"(96, 107)",,
435,495802,29,"(1, 6)",female,"(815, 816)",serious,"(11,12)",FALSE,,,,,
436,495896,68,"(319, 324)",male,"(324, 325)",fatal,"(4,5)",FALSE,,car,"(7,8)",,
437,495942,49,"(39, 42)",male,"(309, 310)",none,,TRUE,"(85, 92)",car,"(129, 130)",,
438,495942,,,male,"(320, 321)",none,,TRUE,"(108, 109)",motorcycle,"(108, 109)",,
439,496006,34,"(1, 6)",male,"(202, 203)",none,,TRUE,"(208, 209)",car,"(208, 209)",drunk,"(6, 9)"
440,496006,,,male,"(111, 112)",,,TRUE,"(76, 81)",motorcycle,"(76, 81)",,
441,495969,28,"(31, 34)",female,"(462, 463)",serious,"(9,10)",FALSE,,pedestrian,"(46,49)",,
443,496158,,,,,none,,TRUE,"(254, 258)",unknown,"(254, 258)",,
444,496158,,,,,none,,TRUE,"(542, 543)",,"(542, 543)",,
445,496202,61,"(42, 47)",male,"(47, 48)",serious,"(5, 6)",TRUE,"(33, 39)",motorcycle,"(33, 39)",,
446,496202,67,"(58, 63)",female,"(63, 64)",none,,TRUE,"(53, 63)",car,"(53, 63)",,
447,496362,43,"(175, 179)",male,"(179, 180)",serious,"(38,39)",TRUE,"(103, 112)",motorcycle,"(103, 112)",,
448,496362,19,"(182, 186)",male,"(179, 180)",minor,"(43, 44)",FALSE,,motorcycle,"(103, 112)",,
450,496362,35,"(94, 98)",male,"(98, 99)",none,,TRUE,"(89,91)",truck,"(89,91)",,
451,496362,67,"(135, 139)",male,"(139, 140)",none,,TRUE,"(130, 139)",unknown,"(130, 139)",,
452,496362,55,"(149, 153)",male,"(153, 154)",none,,TRUE,"(144, 153)",car,"(144, 153)",,
453,496773,61,"(66, 71)",male,"(96, 97)",serious,"(101, 102)",TRUE,"(61, 71)",motorcycle,"(61, 71)",,
454,496773,67,"(49, 54)",female,"(54, 55)",none,,TRUE,"(44,46)",car,"(44,46)",,
455,496774,23,"(60, 65)",male,"(87, 88)",serious,"(94, 95)",TRUE,"(51, 65)",motorcycle,"(51, 65)",,
456,496774,64,"(40, 45)",male,"(45, 46)",none,,TRUE,"(32,34)",car,"(32,34)",,
457,496775,29,"(50, 55)",male,"(79, 80)",serious,"(86, 87)",TRUE,"(45, 55)",motorcycle,"(45, 55)",,
458,496775,34,"(34, 39)",male,"(39, 40)",none,,TRUE,"(29,31)",van,"(29,31)",,
459,496776,29,"(62, 67)",male,"(92, 93)",serious,"(99, 100)",TRUE,"(54, 68)",motorcycle,"(54, 68)",,
460,496776,42,"(43, 48)",male,"(48, 49)",none,,TRUE,"(35,37)",car,"(35,37)",,
461,496777,41,"(61, 66)",male,"(88, 89)",serious,"(95, 96)",TRUE,"(55, 66)",motorcycle,"(55, 66)",,
462,496777,25,"(44, 49)",male,"(49, 50)",none,,TRUE,"(39,41)",car,"(39,41)",,
463,496778,36,"(49, 54)",male,"(111, 112)",serious,"(118, 119)",TRUE,"(44, 54)",motorcycle,"(44, 54)",,
464,496778,52,"(65, 70)",male,"(70, 71)",none,,TRUE,"(60, 70)",van,"(60, 70)",,
465,496778,53,"(80, 85)",male,"(85, 86)",none,,TRUE,"(75, 85)",car,"(75, 85)",,
466,496779,81,"(63, 68)",male,"(68, 69)",none,,TRUE,"(58, 68)",car,"(58, 68)",,
467,496779,79,"(81, 86)",female,"(131, 132)",fatal,"(134, 135)",FALSE,,car,"(75,76)",,
468,496779,24,"(47, 52)",male,"(52, 53)",minor,"(156, 157)",TRUE,"(43,44)",van,"(43,44)",,
469,496780,66,"(38, 43)",male,"(85, 86)",none,,TRUE,"(33, 43)",motorcycle,"(33, 43)",,
470,496780,30,"(53, 58)",female,"(96, 97)",serious,"(102, 103)",TRUE,"(48, 58)",motorcycle,"(48, 58)",,
471,496781,35,"(47, 52)",male,"(95, 96)",serious,"(102, 103)",TRUE,"(90, 91)",motorcycle,"(90, 91)",,
472,496781,59,"(69, 74)",male,"(74, 75)",none,,TRUE,"(64, 74)",truck,"(64, 74)",,
473,496782,79,"(60, 65)",male,"(100, 101)",none,,TRUE,"(74, 78)",unknown,"(74, 78)",,
474,496782,84,"(140, 145)",female,"(145, 146)",serious,"(152, 153)",FALSE,,unknown,"(74, 78)",,
715,496782,39,"(109, 110)",female,"(105, 107)",minor,"(162, 163)",FALSE,,unknown,"(74, 78)",,
716,496782,66,"(111, 112)",female,"(105, 107)",minor,"(162, 163)",FALSE,,unknown,"(74, 78)",,
717,496782,77,"(113, 114)",female,"(105, 107)",minor,"(162, 163)",FALSE,,unknown,"(74, 78)",,
718,496782,36,"(121, 122)",male,"(118, 120)",minor,"(162, 163)",FALSE,,unknown,"(74, 78)",,
719,496782,81,"(123, 124)",male,"(118, 120)",minor,"(162, 163)",FALSE,,unknown,"(74, 78)",,
475,496783,40,"(7, 12)",male,"(68, 69)",serious,"(72, 73)",TRUE,"(36, 45)",motorcycle,"(36, 45)",,
476,496784,48,"(48, 53)",female,"(58, 59)",serious,"(77, 78)",TRUE,"(39, 53)",car,"(39, 53)",,
477,496785,32,"(1, 6)",female,"(68, 69)",serious,"(86, 87)",FALSE,,,,,
478,496785,78,"(57, 62)",male,"(62, 63)",none,,TRUE,"(48, 62)",car,"(48, 62)",,
479,496786,64,"(34, 39)",male,"(74, 75)",serious,"(81, 82)",TRUE,"(31, 46)",motorcycle,"(31, 46)",,
480,496787,77,"(1, 6)",female,"(86, 87)",serious,"(88, 89)",FALSE,,,,,
481,496787,75,"(57, 62)",male,"(62, 63)",none,,TRUE,"(48, 62)",car,"(48, 62)",,
482,496788,80,"(1, 6)",male,"(66, 67)",serious,"(86, 87)",FALSE,,,,,
483,496788,22,"(56, 61)",male,"(61, 62)",none,,TRUE,"(46, 61)",car,"(46, 61)",,
484,496789,80,"(44, 49)",male,"(49, 50)",serious,"(105, 106)",TRUE,"(41, 42)",car,"(39,41)",,
720,496789,80,"(62,67)",male,"(67,68)",serious,"(105, 106)",FALSE,,car,"(39,41)",,
485,496790,13,"(1, 6)",,,serious,"(89, 90)",TRUE,"(38, 44)",bicycle,"(38, 44)",,
486,496790,25,"(59, 64)",male,"(64, 65)",none,,TRUE,"(50, 64)",car,"(50, 64)",,
487,496791,61,"(1, 6)",male,"(74, 75)",serious,"(81, 82)",FALSE,,,,,
488,496791,31,"(47, 52)",male,"(52, 53)",none,,TRUE,"(42, 52)",car,"(42, 52)",,
489,496792,54,"(1, 6)",male,"(71, 72)",serious,"(14, 15)",FALSE,,,,,
490,496792,,,,,none,,TRUE,"(50, 58)",car,"(50, 58)",,
491,496793,33,"(60, 65)",female,"(65, 66)",none,,TRUE,"(55, 65)",car,"(55, 65)",,
492,496793,55,"(45, 50)",male,"(102, 103)",serious,"(109, 110)",TRUE,"(85, 86)",motorcycle,"(85, 86)",,
493,496793,74,"(70, 75)",male,"(75, 76)",none,,FALSE,,car,"(55, 65)",,
494,496794,29,"(74, 79)",male,"(85, 86)",serious,"(112, 113)",FALSE,,,,,
495,496794,50,"(38, 43)",male,"(43, 44)",none,,TRUE,"(33, 43)",car,"(33, 43)",,
496,496795,53,"(1, 6)",male,"(72, 73)",serious,"(90, 91)",FALSE,,,,,
497,496795,24,"(60, 65)",male,"(65, 66)",none,,TRUE,"(51, 65)",van,"(51, 65)",,
498,496796,34,"(58, 63)",male,"(85, 86)",serious,"(92, 93)",TRUE,"(50, 63)",motorcycle,"(50, 63)",,
499,496796,23,"(39, 44)",,,none,,TRUE,"(31,33)",van,"(31,33)",,
500,496797,36,"(33, 38)",male,"(51, 52)",serious,"(84, 85)",TRUE,"(45, 54)",car,"(45, 54)",,
501,496798,43,"(1, 6)",male,"(58, 59)",serious,"(76, 77)",TRUE,"(40, 48)",motorcycle,"(40, 48)",,
502,496799,25,"(1, 6)",male,"(85, 86)",fatal,"(88, 89)",TRUE,"(40, 47)",car,"(47,48)",,
503,496800,19,"(69, 74)",,,none,,TRUE,"(64, 73)",car,"(64, 73)",,
504,496800,14,"(179, 184)",male,"(139, 141)",serious,"(190, 191)",FALSE,,car,"(98, 108)",,
505,496800,14,"(126, 131)",female,"(131, 132)",minor,"(205, 206)",FALSE,,car,"(98, 108)",,
506,496800,43,"(198, 203)",female,"(203, 204)",minor,"(205, 206)",FALSE,,car,"(98, 108)",,
507,496800,49,"(54, 59)",male,"(59, 60)",none,,TRUE,"(49,51)",car,"(49,51)",,
508,496800,50,"(103, 108)",male,"(108, 109)",none,,TRUE,"(98, 108)",car,"(98, 108)",,
721,496800,69,"(118, 119)",female,"(116, 117)",none,,FALSE,,car,"(98, 108)",,
509,496801,35,"(57, 62)",female,"(87, 88)",serious,"(93, 94)",TRUE,"(52, 62)",motorcycle,"(52, 62)",,
510,496801,39,"(41, 46)",male,"(46, 47)",none,,TRUE,"(36,38)",car,"(36,38)",,
511,496802,52,"(1, 6)",male,"(74, 75)",serious,"(92, 93)",FALSE,,,,,
512,496802,26,"(63, 68)",male,"(68, 69)",none,,TRUE,"(54, 69)",car,"(54, 69)",,
513,496803,72,"(55, 60)",male,"(84, 85)",serious,"(91, 92)",TRUE,"(50, 60)",motorcycle,"(50, 60)",,
514,496803,31,"(37, 42)",female,"(44, 45)",none,,TRUE,"(32,34)",car,"(32,34)",,
515,496804,30,"(51, 56)",male,"(82, 83)",serious,"(87, 88)",TRUE,"(46, 57)",motorcycle,"(46, 57)",,
516,496804,34,"(36, 41)",female,"(41, 42)",none,,TRUE,"(31,33)",car,"(31,33)",,
517,496805,79,"(60, 65)",male,"(89, 90)",serious,"(96, 97)",TRUE,"(55, 65)",motorcycle,"(55, 65)",,
518,496805,46,"(44, 49)",male,"(49, 50)",none,,TRUE,"(39,41)",car,"(39,41)",,
519,496806,22,"(1, 6)",female,"(69, 70)",serious,"(87, 88)",TRUE,"(62, 67)",motorcycle,"(62, 67)",,
520,496806,19,"(51, 56)",female,"(56, 57)",none,,TRUE,"(46,48)",car,"(46,48)",,
521,496807,32,"(63, 68)",male,"(68, 69)",fatal,"(130, 131)",TRUE,"(58, 68)",car,"(58, 68)",,
522,496807,57,"(48, 53)",male,"(134, 135)",serious,"(139, 140)",TRUE,"(43,45)",car,"(43,45)",,
523,496807,28,"(73, 78)",female,"(137, 138)",serious,"(139, 140)",FALSE,,car,"(58, 68)",,
524,496808,44,"(1, 6)",female,"(99, 100)",serious,"(105, 106)",FALSE,,motorcycle,"(43, 64)",,
525,496808,44,"(46, 51)",male,"(52, 53)",none,,TRUE,"(43, 64)",motorcycle,"(43, 64)",,
526,496809,87,"(1, 6)",female,"(65, 66)",serious,"(83, 84)",FALSE,,,,,
722,496809,30,"(47, 59)",male,"(47, 59)",,,TRUE,"(47, 59)",car,"(47, 59)",,
527,496810,75,"(1, 6)",male,"(71, 72)",serious,"(89, 90)",FALSE,,,,,
528,496810,29,"(58, 63)",male,"(63, 64)",none,,TRUE,"(49, 63)",car,"(49, 63)",,
529,496811,82,"(31, 36)",male,"(47, 48)",none,,TRUE,"(41, 50)",car,"(41, 50)",,
530,496811,81,"(57, 62)",female,"(93, 94)",serious,"(99, 100)",FALSE,,car,"(41, 50)",,
531,496812,36,"(1, 6)",male,"(90, 91)",fatal,"(93, 94)",TRUE,"(42, 50)",motorcycle,"(42, 50)",,
532,496813,39,"(58, 63)",male,"(84, 85)",serious,"(91, 92)",TRUE,"(53, 63)",motorcycle,"(53, 63)",,
533,496813,42,"(40, 45)",female,"(45, 46)",none,,TRUE,"(35,37)",car,"(35,37)",,
534,496814,45,"(57, 62)",male,"(85, 86)",serious,"(92, 93)",TRUE,"(48, 63)",motorcycle,"(48, 63)",,
535,496814,32,"(37, 42)",male,"(43, 44)",none,,TRUE,"(29,31)",car,"(29,31)",,
536,496815,75,"(1, 6)",female,"(67, 68)",serious,"(85, 86)",FALSE,,,,,
537,496815,54,"(55, 60)",female,"(60, 61)",none,,TRUE,"(46, 60)",car,"(46, 60)",,
538,496816,27,"(1, 6)",male,"(6, 7)",fatal,"(95, 96)",TRUE,"(65, 70)",motorcycle,"(65, 70)",,
539,496816,22,"(51, 56)",male,"(56, 57)",none,,TRUE,"(45,48)",car,"(45,48)",,
540,496817,22,"(26, 31)",male,"(70, 71)",serious,"(76, 77)",TRUE,"(64, 65)",car,"(44,46)",,
541,496818,37,"(46, 51)",male,"(97, 98)",serious,"(104, 105)",TRUE,"(38, 51)",bus,"(38, 51)",,
542,496818,39,"(66, 71)",female,"(108, 109)",none,,TRUE,"(56, 71)",van,"(56, 71)",,
543,496819,34,"(39, 44)",male,"(44, 45)",none,,TRUE,"(36, 51)",car,"(36, 51)",,
544,496819,59,"(94, 99)",male,"(99, 100)",serious,"(153, 154)",TRUE,"(89, 99)",motorcycle,"(89, 99)",,
545,496819,30,"(110, 115)",male,"(115, 116)",serious,"(153, 154)",TRUE,"(105, 115)",car,"(105, 115)",,
546,496820,21,"(41, 46)",male,"(87, 88)",serious,"(92, 93)",TRUE,"(36, 46)",car,"(36, 46)",,
547,496821,80,"(172, 177)",female,"(177, 178)",serious,"(183, 184)",FALSE,,car,"(69, 80)",,
548,496821,81,"(75, 80)",male,"(80, 81)",,,TRUE,"(69, 80)",car,"(69, 80)",,
549,496821,39,"(107, 112)",,,none,,TRUE,"(101, 113)",bus,"(101, 113)",,
550,496822,34,"(53, 58)",male,"(83, 84)",serious,"(90, 91)",TRUE,"(48, 58)",motorcycle,"(48, 58)",,
551,496822,45,"(38, 43)",female,"(43, 44)",none,,TRUE,"(34,35)",car,"(34,35)",,
552,496823,21,"(38, 43)",male,"(93, 94)",serious,"(99, 100)",TRUE,"(67, 71)",motorcycle,"(58,59)",,
553,496824,84,"(1, 6)",female,"(81, 82)",serious,"(88, 89)",FALSE,,,,,
554,496824,84,"(56, 61)",male,"(61, 62)",none,,TRUE,"(47, 61)",car,"(47, 61)",,
555,496825,33,"(1, 6)",male,"(58, 59)",serious,"(76, 77)",TRUE,"(43, 51)",motorcycle,"(43, 51)",,
556,496826,46,"(35, 40)",male,"(95, 96)",serious,"(102, 103)",TRUE,"(79, 80)",motorcycle,"(79, 80)",,
557,496826,30,"(66, 71)",male,"(71, 72)",none,,TRUE,"(55, 71)",car,"(55, 71)",,
558,496827,8,"(155, 160)",,,serious,"(180, 181)",FALSE,,,,,
559,496827,45,"(120, 125)",male,"(125, 126)",serious,"(180, 181)",TRUE,"(115, 125)",motorcycle,"(115, 125)",,
560,496827,48,"(52, 57)",,,serious,"(180, 181)",TRUE,"(46, 57)",motorcycle,"(46, 57)",,
561,496827,60,"(70, 75)",,,none,,TRUE,"(65, 75)",car,"(65, 75)",,
562,496827,23,"(104, 109)",male,"(109, 110)",none,,TRUE,"(99, 101)",van,"(99, 101)",,
563,496828,62,"(36, 41)",female,"(81, 82)",serious,"(87, 88)",TRUE,"(31, 41)",motorcycle,"(31, 41)",,
564,496828,25,"(52, 57)",male,"(58, 59)",none,,TRUE,"(47, 58)",truck,"(47, 58)",,
565,496829,53,"(61, 66)",male,"(94, 95)",serious,"(101, 102)",TRUE,"(56, 66)",motorcycle,"(56, 66)",,
566,496829,44,"(42, 47)",female,"(47, 48)",none,,TRUE,"(37, 39)",car,"(37, 39)",,
567,496830,29,"(1, 6)",female,"(84, 85)",serious,"(86, 87)",FALSE,,,,,
568,496830,,,female,"(54, 55)",none,,TRUE,"(45, 54)",car,"(45, 54)",,
569,496830,64,"(56, 61)",,,none,,FALSE,,,,,
570,496831,28,"(28, 33)",male,"(41, 42)",none,,TRUE,"(37, 44)",car,"(37, 44)",,
571,496831,25,"(63, 68)",male,"(53, 54)",serious,"(88, 89)",FALSE,,car,"(37, 44)",,
572,496832,35,"(1, 6)",male,"(77, 78)",fatal,"(80, 81)",TRUE,"(42, 51)",motorcycle,"(42, 51)",,
573,496833,46,"(1, 6)",,,serious,"(12, 13)",TRUE,"(6, 7)",motorcycle,"(6, 7)",,
574,496833,54,"(61, 66)",male,"(66, 67)",none,,TRUE,"(56, 66)",unknown,"(56, 66)",,
575,496834,37,"(55, 60)",male,"(88, 89)",serious,"(95, 96)",TRUE,"(47, 61)",motorcycle,"(47, 61)",,
576,496834,65,"(35, 40)",male,"(40, 41)",none,,TRUE,"(30, 32)",car,"(30, 32)",,
577,496835,44,"(1, 6)",female,"(68, 69)",serious,"(86, 87)",FALSE,,,,,
578,496835,23,"(57, 62)",female,"(62, 63)",none,,TRUE,"(48, 62)",car,"(48, 62)",,
579,496836,33,"(50, 55)",male,"(56, 57)",serious,"(100, 101)",TRUE,"(43, 44)",motorcycle,"(43, 44)",,
580,496836,32,"(69, 74)",male,"(74, 75)",none,,TRUE,"(60, 74)",truck,"(60, 74)",,
581,496837,45,"(59, 64)",male,"(88, 89)",serious,"(94, 95)",TRUE,"(51, 64)",motorcycle,"(51, 64)",,
582,496837,40,"(39, 44)",,,none,,FALSE,,,,,
583,496838,70,"(1, 6)",male,"(91, 92)",serious,"(97, 98)",FALSE,,,,,
584,496838,58,"(59, 64)",male,"(64, 65)",none,,TRUE,"(49, 64)",motorcycle,"(49, 64)",,
585,496839,28,"(1, 6)",male,"(74, 75)",serious,"(92, 93)",FALSE,,,,,
586,496839,52,"(62, 67)",male,"(68, 69)",none,,TRUE,"(53, 68)",car,"(53, 68)",,
587,496840,40,"(131, 136)",male,"(136, 137)",serious,"(143, 144)",TRUE,"(52, 64)",motorcycle,"(52, 64)",,
588,496840,31,"(42, 47)",male,"(47, 48)",minor,"(149, 150)",TRUE,"(35, 36)",motorcycle,"(35, 36)",,
589,496840,29,"(76, 81)",male,"(81, 82)",none,,TRUE,"(69, 81)",motorcycle,"(69, 81)",,
590,496840,27,"(99, 104)",female,"(104, 105)",none,,TRUE,"(92, 104)",car,"(92, 104)",,
591,496841,74,"(1, 6)",female,"(69, 70)",serious,"(87, 88)",FALSE,,,,,
592,496841,76,"(57, 62)",male,"(62, 63)",none,,TRUE,"(48, 62)",car,"(48, 62)",,
593,496842,40,"(29, 34)",male,"(85, 86)",serious,"(91, 92)",TRUE,"(41, 43)",motorcycle,"(41, 43)",,
594,496842,33,"(47, 52)",female,"(95, 96)",serious,"(101, 102)",TRUE,"(62, 63)",motorcycle,"(62, 63)",,
595,496843,63,"(65, 70)",male,"(94, 95)",serious,"(101, 102)",TRUE,"(60, 70)",motorcycle,"(60, 70)",,
596,496843,54,"(50, 55)",male,"(55, 56)",none,,TRUE,"(45, 47)",car,"(45, 47)",,
597,496844,50,"(27, 32)",male,"(79, 80)",serious,"(86, 87)",TRUE,"(39, 40)",motorcycle,"(39, 40)",,
598,496844,55,"(52, 57)",male,"(57, 58)",none,,TRUE,"(44, 57)",car,"(44, 57)",,
599,496845,66,"(59, 64)",male,"(64, 65)",serious,"(111, 112)",TRUE,"(50, 64)",motorcycle,"(50, 64)",,
600,496845,56,"(69, 74)",female,"(74, 75)",serious,"(111, 112)",FALSE,,motorcycle,"(50, 64)",,
602,496845,58,"(40, 45)",female,"(45, 46)",none,,TRUE,"(32, 34)",car,"(32, 34)",,
603,496846,78,"(1, 6)",male,"(67, 68)",serious,"(86, 87)",FALSE,,,,,
604,496846,24,"(54, 59)",male,"(59, 60)",none,,TRUE,"(45, 59)",car,"(45, 59)",,
605,496847,24,"(46, 51)",male,"(51, 52)",serious,"(102, 103)",TRUE,"(41, 51)",motorcycle,"(41, 51)",,
606,496847,35,"(63, 68)",male,"(69, 70)",minor,"(112, 113)",TRUE,"(57, 69)",motorcycle,"(57, 69)",,
607,496848,41,"(33, 38)",male,"(75, 76)",serious,"(82, 83)",TRUE,"(29, 38)",car,"(29, 38)",,
608,496848,36,"(48, 53)",female,"(53, 54)",none,,TRUE,"(43, 53)",car,"(43, 53)",,
609,496849,65,"(1, 6)",male,"(59, 60)",serious,"(77, 78)",TRUE,"(38, 46)",motorcycle,"(38, 46)",,
610,496850,62,"(1, 6)",male,"(71, 72)",serious,"(89, 90)",TRUE,"(64, 69)",motorcycle,"(64, 69)",,
611,496850,54,"(52, 57)",female,"(57, 58)",none,,TRUE,"(47, 49)",car,"(47, 49)",,
612,496851,68,"(28, 33)",male,"(83, 84)",serious,"(90, 91)",FALSE,,,,,
613,496851,44,"(52, 57)",male,"(57, 58)",none,,TRUE,"(44, 57)",car,"(44, 57)",,
614,496852,21,"(48, 53)",male,"(53, 54)",serious,"(147, 148)",TRUE,"(43, 53)",motorcycle,"(43, 53)",,
615,496852,21,"(64, 69)",female,"(69, 70)",none,,TRUE,"(59, 69)",car,"(59, 69)",,
616,496852,30,"(95, 100)",male,"(101, 102)",serious,"(147, 148)",TRUE,"(92, 112)",motorcycle,"(92, 112)",,
617,496853,43,"(60, 65)",,,none,,TRUE,"(52, 65)",car,"(52, 65)",,
618,496853,67,"(68, 73)",,,fatal,"(114, 115)",TRUE,"(73, 74)",bicycle,"(73, 74)",,
619,496853,38,"(36, 41)",male,"(41, 42)",none,,TRUE,"(28, 30)",van,"(28, 30)",,
723,496853,38,"(84, 89)",,,,,FALSE,,car,"(52, 65)",,
620,496854,30,"(1, 6)",male,"(178, 179)",none,,TRUE,"(109, 110)",motorcycle,"(108, 110)",,
621,496854,34,"(214, 219)",male,"(219, 220)",serious,"(226, 227)",TRUE,"(78, 79)",,"(78, 79)",,
622,496855,60,"(1, 6)",female,"(50, 51)",serious,"(90, 91)",FALSE,,,,,
623,496855,48,"(60, 65)",female,"(65, 66)",none,,TRUE,"(55, 65)",car,"(55, 65)",,
624,496856,24,"(113, 118)",female,"(118, 119)",fatal,"(12, 15)",FALSE,,,,,
724,496856,20,"(79, 92)",female,"(79, 92)",none,,TRUE,"(79, 92)",truck,"(79, 92)",,
725,496856,34,"(41, 42)",female,"(38, 39)",serious,"(136, 137)",FALSE,,,,,
625,496857,23,"(34, 39)",female,"(39, 40)",none,,TRUE,"(29, 39)",car,"(29, 39)",,
626,496857,77,"(49, 54)",male,"(54, 55)",serious,"(180, 181)",TRUE,"(44, 54)",car,"(44, 54)",,
627,496857,71,"(134, 139)",female,"(139, 140)",fatal,"(142, 143)",FALSE,,car,"(29, 39)",,
628,496857,76,"(169, 174)",female,"(174, 175)",serious,"(180, 181)",FALSE,,car,"(29, 39)",,
629,496858,5,"(1, 6)",male,"(46, 47)",serious,"(8, 9)",FALSE,,,,,
630,496858,22,"(63, 68)",male,"(68, 69)",none,,TRUE,"(55, 68)",car,"(55, 68)",,
631,496859,47,"(72, 77)",male,"(102, 103)",serious,"(109, 110)",TRUE,"(64, 77)",motorcycle,"(64, 77)",,
632,496859,53,"(53, 58)",female,"(58, 59)",none,,TRUE,"(45, 47)",car,"(45, 47)",,
633,496860,63,"(1, 6)",male,"(67, 68)",serious,"(85, 86)",FALSE,,,,,
634,496860,19,"(56, 61)",male,"(61, 62)",none,,TRUE,"(47, 61)",car,"(47, 61)",,
635,496861,50,"(39, 44)",female,"(161, 162)",serious,"(171, 172)",TRUE,"(51, 60)",car,"(51, 60)",,
636,496861,23,"(108, 113)",male,"(177, 178)",serious,"(171, 172)",TRUE,"(129, 137)",motorcycle,"(129, 137)",,
637,496861,29,"(73, 78)",male,"(78, 79)",minor,"(183, 184)",FALSE,,car,"(51, 60)",,
638,496862,26,"(1, 6)",male,"(55, 56)",serious,"(73, 74)",TRUE,"(39, 48)",motorcycle,"(39, 48)",,
639,496863,17,"(1, 6)",female,"(25, 26)",serious,"(98, 99)",FALSE,,,,,
640,496863,52,"(56, 61)",male,"(61, 62)",none,,TRUE,"(51, 61)",car,"(51, 61)",,
641,496864,59,"(56, 61)",male,"(82, 83)",none,"(88, 89)",TRUE,"(46, 61)",van,"(46, 61)",,
726,496864,36,"(1, 6)",male,"(6, 7)",serious,"(88, 89)",FALSE,,,,,
642,496865,34,"(51, 56)",female,"(98, 99)",none,,TRUE,"(46, 56)",car,"(46, 56)",,
643,496865,38,"(66, 71)",male,"(71, 72)",none,,TRUE,"(61, 71)",car,"(61, 71)",,
644,496866,36,"(1, 6)",female,"(103, 104)",none,,TRUE,"(50, 57)",motorcycle,"(50, 57)",,
645,496866,71,"(77, 82)",male,"(82, 83)",none,,TRUE,"(65, 82)",car,"(65, 82)",,
646,496867,57,"(51, 56)",male,"(80, 81)",serious,"(87, 88)",TRUE,"(46, 56)",motorcycle,"(46, 56)",,
647,496867,25,"(96, 101)",female,"(101, 102)",none,,FALSE,,car,"(42, 44)",,
648,496867,,,male,"(127, 128)",none,,TRUE,"(42, 44)",car,"(42, 44)",,
649,496868,31,"(50, 55)",male,"(79, 80)",serious,"(85, 86)",TRUE,"(45, 55)",motorcycle,"(45, 55)",,
650,496868,19,"(34, 39)",female,"(39, 40)",none,,TRUE,"(29, 31)",car,"(29, 31)",,
651,496869,74,"(53, 58)",male,"(58, 59)",minor,"(120, 121)",TRUE,"(58, 74)",car,"(58, 74)",,
652,496869,73,"(77, 82)",female,"(124, 125)",serious,"(128, 129)",FALSE,,car,"(58, 74)",,
727,496869,33,"(70, 73)",,,minor,"(120, 121)",TRUE,"(63, 64)",car,"(63, 64)",,
653,496870,35,"(51, 56)",male,"(79, 80)",serious,"(84, 85)",TRUE,"(46, 57)",motorcycle,"(46, 57)",,
654,496870,30,"(34, 39)",male,"(39, 40)",none,,TRUE,"(29, 31)",van,"(29, 31)",,
655,496871,87,"(1, 6)",female,"(66, 67)",serious,"(89, 90)",FALSE,,,,,
656,496871,68,"(56, 61)",male,"(61, 62)",none,,TRUE,"(40, 61)",truck,"(40, 61)",,
657,496872,25,"(41, 46)",male,"(60, 61)",none,,TRUE,"(58, 63)",van,"(58, 63)",,
658,496872,36,"(83, 88)",,,none,,FALSE,,van,"(58, 63)",,
659,496873,54,"(32, 37)",male,"(96, 97)",fatal,"(12, 15)",TRUE,"(72, 80)",motorcycle,"(72, 80)",,
660,496874,25,"(113, 118)",female,"(146, 147)",minor,"(148, 149)",TRUE,"(107, 118)",van,"(107, 118)",,
661,496874,,,,,serious,"(4, 5)",TRUE,"(97, 99)",car,"(97, 99)",,
728,496874,,,,,serious,"(4, 5)",FALSE,,car,"(97, 99)",,
662,496875,35,"(25, 30)",male,"(40, 41)",none,,TRUE,"(34, 43)",car,"(34, 43)",,
663,496875,28,"(84, 89)",male,"(95, 96)",serious,"(102, 103)",FALSE,,car,"(34, 43)",,
664,496876,28,"(49, 54)",male,"(75, 76)",serious,"(81, 82)",TRUE,"(44, 54)",motorcycle,"(44, 54)",,
665,496876,32,"(34, 39)",,,none,,TRUE,"(29, 31)",car,"(29, 31)",,
666,496877,51,"(59, 64)",male,"(90, 91)",serious,"(97, 98)",TRUE,"(50, 64)",motorcycle,"(50, 64)",,
667,496877,47,"(38, 43)",male,"(44, 45)",none,,TRUE,"(30, 32)",car,"(30, 32)",,
668,496878,57,"(41, 46)",female,"(84, 85)",serious,"(90, 91)",FALSE,,,,,
669,496878,52,"(57, 62)",male,"(62, 63)",none,,TRUE,"(52, 62)",car,"(52, 62)",,
670,496879,52,"(1, 6)",male,"(62, 63)",serious,"(80, 81)",TRUE,"(47, 55)",motorcycle,"(47, 55)",,
671,496880,78,"(34, 39)",female,"(51, 52)",serious,"(81, 82)",TRUE,"(45, 54)",car,"(45, 54)",,
672,496881,64,"(39, 44)",female,"(36, 37)",serious,"(104, 105)",FALSE,,,,,
673,496881,68,"(31, 36)",male,"(102, 103)",minor,"(110, 111)",FALSE,,,,,
674,496881,59,"(67, 72)",male,"(72, 73)",none,,TRUE,"(59, 72)",car,"(59, 72)",,
675,496882,17,"(83, 88)",male,"(95, 96)",serious,"(101, 102)",TRUE,"(48, 67)",motorcycle,"(48, 67)",,
676,496882,41,"(43, 48)",male,"(48, 49)",none,,TRUE,"(35, 37)",car,"(35, 37)",,
677,496883,62,"(44, 49)",male,"(49, 50)",serious,"(123, 124)",TRUE,"(39, 49)",car,"(39, 49)",,
678,496883,41,"(78, 83)",female,"(83, 84)",serious,"(123, 124)",FALSE,,,,,
