article_id,accident_id,date_time,accident_type,location,road_name,text_start_char,text_end_char,temperature_2m,precipitation,windspeed_10m,cloud_cover,weather_code
4208,0,2024-12-04 17:00:00,collision,St Julian's,the Regional Road,0,1908,17.6,0.0,9.8,100.0,3.0
4093,0,2024-12-11 15:00:00,collision,St Paul's Bay,stationary garbage skip on the St,0,469,18.0,0.0,6.7,86.0,3.0
4110,0,2024-12-11 13:00:00,collision,St Paul's Bay,skip on St,0,2095,18.3,0.0,5.0,97.0,3.0
4066,0,2024-12-13 17:30:00,collision,Mellieha,,0,514,18.6,0.0,24.0,2.0,0.0
4066,1,2024-12-14 19:45:00,collision,,,515,1158,18.8,0.0,36.3,84.0,3.0
4067,0,2024-12-13 21:00:00,collision,Xemxija,Xemxija Pitstop,0,3192,18.8,0.0,23.4,0.0,0.0
4087,0,2024-12-11 12:00:00,collision,St Paul's Bay,skip on the St,0,1163,18.1,0.0,4.5,65.0,2.0
4049,0,2024-12-15 21:00:00,collision,Imgarr,,0,462,13.6,0.1,22.5,14.0,51.0
4034,0,2024-12-13 19:45:00,collision,Gudja,blood drive,0,1841,18.5,0.0,24.3,2.0,0.0
4007,0,2024-12-16 18:00:00,collision,St Paul's Bay,the St Paul's Bay,0,2323,15.3,0.0,27.1,4.0,0.0
4024,0,2024-12-13 00:00:00,collision,St Paul's Bay,skip positioned on the final curve of the St,0,1787,18.3,0.0,19.3,80.0,3.0
4014,0,2024-12-17 18:00:00,collision,Siggiewi,The road,0,1137,14.2,0.0,7.5,0.0,0.0
3989,0,2024-12-19 18:50:00,collision,Blata,traffic tailback on the busy street,0,590,16.2,0.0,17.4,43.0,1.0
3991,0,2024-12-20 00:00:00,motorcycle_fall,Birkirkara,,0,347,15.9,0.0,18.0,6.0,0.0
3976,0,2024-12-20 11:30:00,collision,Naxxar,,0,309,18.0,0.0,32.8,43.0,1.0
3976,1,2024-12-20 00:00:00,collision,,,310,618,17.7,0.0,28.6,3.0,0.0
3964,0,2024-12-22 14:25:00,collision,Kennedy Grove,close to Kennedy Grove on the southbound lane,0,869,15.9,0.0,20.5,98.0,3.0
3966,0,2024-12-22 10:15:00,collision,,,0,376,15.6,0.0,32.7,100.0,3.0
3938,0,2024-12-23 08:00:00,collision,Naxxar,van on the Regional Road,0,515,16.6,0.0,45.2,71.0,2.0
3910,0,2024-12-23 00:00:00,collision,Naxxar,Regional Road,0,1081,14.6,0.3,28.5,69.0,51.0
3885,0,2024-12-27 08:00:00,collision,Marsa,,0,697,13.9,0.0,13.9,50.0,2.0
3900,0,2024-12-27 12:00:00,collision,Hamrun,,0,521,14.4,0.2,20.1,76.0,51.0
3861,0,2024-12-29 00:00:00,collision,Madliena,Is the road,0,2879,12.7,0.0,6.9,16.0,0.0
3834,0,2024-12-30 00:00:00,collision,Mithna,,0,2993,14.5,0.0,5.1,1.0,0.0
3766,0,2025-01-05 12:30:00,collision,Birkirkara,,0,735,16.8,0.0,13.4,43.0,1.0
3747,0,2025-01-06 21:00:00,collision,Attard,The crash happened on the Mdina road,0,1392,16.2,0.0,15.9,100.0,3.0
3749,0,2025-01-06 18:00:00,collision,Fgura,,0,602,16.0,0.0,11.7,100.0,3.0
3749,1,2025-01-07 00:00:00,collision,,,603,696,17.7,0.0,28.3,100.0,3.0
3740,0,2025-01-06 09:40:00,collision,Attard,Mdina Road,0,1066,17.5,0.0,21.8,100.0,3.0
3740,1,2025-01-06 21:00:00,collision,,,1066,1315,17.6,0.0,27.0,100.0,3.0
3704,0,2025-01-08 21:00:00,collision,,,0,1690,16.3,0.0,26.1,14.0,0.0
3699,0,2025-01-08 00:00:00,collision,Attard,,0,918,15.6,0.0,20.3,8.0,0.0
3671,0,2025-01-09 11:00:00,collision,Rabat,,0,756,15.8,0.0,11.8,0.0,0.0
3653,0,2025-01-11 00:00:00,collision,Swieqi,particularly as road,0,3073,15.8,0.0,29.5,90.0,3.0
3601,0,2025-01-15 08:00:00,collision,Marsa,Anton Cassar Street,0,323,12.6,0.0,23.7,22.0,1.0
3601,1,2025-01-15 08:00:00,motorcycle_fall,,Tal-Barrani Road,324,494,13.9,0.0,27.0,25.0,1.0
3586,0,2025-01-15 16:45:00,collision,Sliema,,0,508,11.6,0.6,10.1,90.0,53.0
3551,0,2025-01-16 10:15:00,collision,Naxxar,,0,381,13.9,0.0,5.2,6.0,0.0
3558,0,2025-01-16 00:00:00,collision,Valletta,old man in the Regional Road,0,2475,9.8,0.0,1.8,20.0,1.0
3588,0,2025-01-16 21:00:00,collision,St Julian's,car in St,0,4816,14.1,0.8,19.2,100.0,53.0
3456,0,2025-01-22 21:00:00,unknown,Sliema,Rudolph Street,0,473,14.6,0.0,11.1,100.0,3.0
3442,0,2025-01-23 18:00:00,collision,Tal-Qroqq,,0,767,15.9,0.0,18.5,71.0,2.0
3423,0,2025-01-25 00:00:00,collision,,,0,850,16.4,0.0,28.8,0.0,0.0
3408,0,2025-01-25 17:00:00,collision,Fgura,the Coast Road,0,542,15.6,0.0,5.5,100.0,3.0
3255,0,2025-02-01 05:00:00,collision,Hal Farrug,Hal Farrug Street,0,414,14.6,0.0,20.4,25.0,1.0
3255,1,2025-02-01 12:45:00,collision,,,415,782,16.9,0.0,36.8,23.0,1.0
3220,0,2025-01-31 00:00:00,collision,St Julian's,the Regional Road,0,2414,13.0,0.0,7.1,21.0,1.0
3197,0,2025-02-04 08:00:00,collision,Zejtun,,0,484,12.6,0.0,1.9,9.0,0.0
3206,0,2025-02-05 09:00:00,motorcycle_fall,Ta' Qali,Vjal l-Istadium Nazzjonali,0,282,14.6,0.0,9.3,80.0,3.0
3169,0,2025-02-06 08:00:00,collision,Naxxar,Labour Avenue,0,496,13.1,0.0,14.7,69.0,2.0
3100,0,2025-02-08 18:00:00,collision,Rabat,the road,0,588,12.5,0.0,24.1,77.0,2.0
3095,0,2025-02-10 18:00:00,collision,Kirkop,pillar on the opposite side of the road,0,621,12.9,0.0,25.7,37.0,1.0
3090,0,2025-02-11 21:00:00,collision,Kirkop,centre strip and careened across the road,0,1134,12.9,0.0,11.3,17.0,0.0
3001,0,2025-02-14 00:00:00,collision,Iklin,Keeway,0,520,14.3,0.0,13.3,29.0,1.0
2975,0,2025-02-16 00:00:00,collision,,UK street,0,2635,13.9,0.4,49.3,64.0,51.0
2974,0,2025-02-16 11:00:00,collision,Siggiewi,,0,333,14.9,0.2,29.5,14.0,51.0
2940,0,2025-02-17 15:00:00,collision,Hal Far,car on Hal Far road,0,488,16.4,0.0,7.1,97.0,3.0
2872,0,2025-02-19 18:00:00,collision,Fgura,,0,409,13.9,0.0,8.8,99.0,3.0
2873,0,2025-02-20 00:00:00,collision,St Paul's Bay,new garden has been inaugurated in St,0,1518,12.9,0.0,10.0,99.0,3.0
2853,0,2025-02-21 08:00:00,collision,,,0,519,14.2,0.0,19.8,50.0,2.0
2849,0,2025-02-21 15:00:00,collision,Qormi,,0,506,14.4,0.2,14.2,99.0,51.0
2792,0,2025-02-24 00:00:00,collision,Hamrun,,0,691,11.1,0.0,1.7,0.0,0.0
2745,0,2025-02-24 23:00:00,collision,Hamrun,Hamrun road,0,1833,11.2,0.0,4.0,0.0,0.0
2666,0,2025-03-03 08:00:00,motorcycle_fall,Marsa,,0,459,14.9,0.0,23.3,12.0,0.0
2658,0,2025-03-03 08:00:00,collision,Imgarr,,0,329,14.4,0.0,23.3,16.0,0.0
2557,0,2025-03-08 18:00:00,collision,St Paul's Bay,,0,347,15.2,0.0,10.4,9.0,0.0
2492,0,2025-03-13 14:45:00,collision,Zebbug,,0,630,15.5,0.0,16.6,0.0,0.0
2452,0,2025-03-14 15:30:00,collision,Buqana,spilling an entire load of construction sand across the road,0,2142,21.4,0.0,25.3,95.0,3.0
2461,0,2025-03-14 21:00:00,collision,Ghajn,The road,0,841,19.5,0.0,23.8,0.0,0.0
2419,0,2025-03-16 08:00:00,collision,Zebbug,,0,449,14.8,0.0,34.2,0.0,0.0
2409,0,2025-03-16 08:00:00,motorcycle_fall,Naxxar,the Coast Road,0,308,15.8,0.0,23.3,0.0,0.0
2301,0,2025-03-22 08:00:00,collision,Ghajnsielem,old man from St,0,624,15.5,0.0,28.6,55.0,2.0
2259,0,2025-03-22 15:00:00,collision,Nadur,,0,507,17.1,0.0,30.4,0.0,0.0
2201,0,2025-03-26 00:00:00,unknown,Siggiewi,,0,468,15.4,0.0,1.3,100.0,3.0
2157,0,2025-03-28 08:00:00,collision,San Gwann,Police investigations are under way,0,467,15.1,0.0,29.3,42.0,1.0
2080,0,2025-04-01 08:00:00,collision,Naxxar,St Paul Street,0,247,12.8,0.1,13.1,91.0,51.0
2101,0,2025-04-01 00:00:00,collision,St Paul's Bay,Mosta Police Station,0,1634,13.8,0.8,15.9,66.0,53.0
1989,0,2025-04-06 08:30:00,collision,Attard,,0,399,16.6,0.1,13.9,100.0,51.0
1967,0,2025-04-06 20:45:00,collision,Buqana,the road,0,548,15.3,0.0,16.0,92.0,3.0
1856,0,2025-04-07 08:55:00,collision,Zurrieq,the Coast Road,0,830,15.0,0.1,23.7,93.0,51.0
1860,0,2025-04-13 15:00:00,collision,Gudja,,0,323,18.2,0.0,21.0,100.0,3.0
1808,0,2025-04-15 12:50:00,collision,Marsa,Traffic in the area was slow moving immediately after the accident but the road,0,746,22.5,0.0,23.0,79.0,2.0
1776,0,2025-04-17 08:00:00,collision,Zejtun,,0,490,15.9,0.0,20.5,26.0,1.0
1769,0,2025-04-17 15:00:00,collision,Luqa,Police investigations are under way,0,483,17.7,0.0,24.1,62.0,2.0
1745,0,2025-04-18 09:45:00,collision,Mosta,,0,336,18.4,0.0,17.6,93.0,3.0
1718,0,2025-04-18 13:30:00,collision,St Paul's Bay,Burmarrad Street,0,494,19.3,0.0,17.3,72.0,2.0
1490,0,2025-05-02 15:00:00,collision,Gharb,,0,604,17.4,0.0,10.0,0.0,0.0
1489,0,2025-05-02 17:00:00,collision,Xaghra,,0,665,17.6,0.0,12.1,0.0,0.0
1467,0,2025-05-04 15:00:00,collision,Marsa,,0,360,24.5,0.0,14.4,100.0,3.0
1380,0,2025-05-07 15:00:00,collision,Ghar,,0,366,25.0,0.0,8.0,48.0,1.0
1352,0,2025-05-09 00:00:00,collision,Siggiewi,with the road agency arguing that the council was responsible for maintaining the road,0,4454,19.5,0.0,19.6,6.0,0.0
1286,0,2025-05-12 08:00:00,collision,Wied,,0,375,20.1,0.0,17.4,58.0,2.0
1275,0,2025-05-12 08:00:00,unknown,Sliema,in St Joseph High Road,0,327,20.1,0.0,17.4,58.0,2.0
1227,0,2025-05-14 15:00:00,collision,Santa Venera,Regional Road,0,454,21.8,0.0,18.1,100.0,3.0
1165,0,2025-05-17 18:30:00,collision,Mellieha,close to the DB Seabank Hotel where one lane,0,625,18.3,0.0,16.2,0.0,0.0
1034,0,2025-05-22 08:00:00,collision,Ghajn,roadside building in Mgarr on the road,0,605,21.1,0.1,13.3,80.0,51.0
1015,0,2025-05-24 08:00:00,collision,Marsa,old Albanian national who lives in St,0,597,21.7,0.0,7.0,5.0,0.0
974,0,2025-05-25 13:15:00,collision,Bugibba,,0,355,22.3,0.0,23.8,4.0,0.0
964,0,2025-05-27 17:20:00,collision,Xemxija,The road,0,487,21.7,0.0,18.6,0.0,0.0
933,0,2025-05-27 15:00:00,motorcycle_fall,Xemxija,,0,1232,22.7,0.0,19.3,0.0,0.0
760,0,2025-06-03 04:30:00,collision,Rabat,Marfa Road,0,409,17.3,0.0,8.3,3.0,0.0
751,0,2025-06-04 21:00:00,collision,St Paul's Bay,Kennedy Drive,0,508,22.0,0.0,15.5,0.0,0.0
685,0,2025-06-06 21:00:00,collision,St Paul's Bay,collision in St,0,901,22.1,0.0,2.9,0.0,0.0
679,0,2025-06-06 15:00:00,collision,Xewkija,,0,542,20.7,0.0,16.3,0.0,0.0
640,0,2025-06-07 15:00:00,collision,,bollard that separates the road,0,505,23.0,0.0,8.1,100.0,3.0
640,1,2025-06-07 08:00:00,unknown,,,506,657,21.6,0.0,2.3,0.0,0.0
654,0,2025-06-07 08:00:00,unknown,Zebbug,,0,257,20.5,0.0,5.1,0.0,0.0
654,1,2025-06-08 00:00:00,collision,,,258,1880,23.1,0.0,9.8,100.0,3.0
607,0,2025-06-12 15:10:00,collision,Zejtun,It is the ninth road,0,812,30.5,0.0,7.1,0.0,0.0
522,0,2025-06-13 18:00:00,collision,Xaghra,police investigation into the incident is under way,0,406,24.0,0.0,16.9,13.0,0.0
404,0,2025-06-19 18:13:00,collision,Luqa,Mdina Road,0,878,26.2,0.0,3.2,14.0,0.0
407,0,2025-06-19 08:00:00,collision,Zejtun,,0,472,25.9,0.0,6.6,0.0,0.0
408,0,2025-06-18 20:13:00,collision,Zebbug,Mdina Road,0,1033,23.9,0.0,12.4,1.0,0.0
416,0,2025-06-19 13:15:00,unknown,Floriana,,0,505,28.5,0.0,6.1,33.0,1.0
381,0,2025-06-19 15:00:00,collision,Gudja,Thursday saw several road,0,539,27.8,0.0,6.4,22.0,1.0
381,1,2025-06-20 08:00:00,collision,,,539,794,23.1,0.0,6.1,16.0,0.0
370,0,2025-06-18 21:00:00,unknown,Zebbug,,0,880,23.9,0.0,9.6,1.0,0.0
361,0,2025-06-21 13:15:00,unknown,Floriana,,0,443,29.0,0.0,11.8,1.0,0.0
313,0,2025-06-23 08:00:00,collision,Tal-Qroqq,the Regional Road,0,752,27.1,0.0,9.3,0.0,0.0
287,0,2025-06-25 07:00:00,collision,Sliema,the Regional Road,0,505,26.5,0.0,13.0,0.0,0.0
113265,0,2025-07-05 08:00:00,collision,Mellieha,,0,442,28.7,0.0,4.4,0.0,0.0
190828,0,2025-07-06 00:00:00,collision,Mosta,,0,496,25.1,0.0,0.2,0.0,0.0
139548,0,2025-07-09 18:00:00,collision,Mosta,,0,473,26.8,0.0,25.2,0.0,0.0
102356,0,2025-07-14 00:00:00,collision,Bidnija,The alleged road rage incident shows the large vehicle driving straight into the car on the road,0,1446,25.0,0.0,9.7,0.0,0.0
220724,0,2025-07-14 11:00:00,collision,Marsaxlokk,Melqart Street,0,443,32.7,0.0,8.9,0.0,0.0
167578,0,2025-07-15 00:00:00,collision,St Paul's Bay,woman crossing the road,0,1823,26.2,0.0,12.6,0.0,0.0
141175,0,2025-07-17 13:15:00,collision,Gzira,Police investigations are under way,0,517,29.2,0.0,21.2,0.0,0.0
130030,0,2025-07-16 17:00:00,collision,L-Imqabba,,0,418,28.7,0.0,12.2,1.0,0.0
226588,0,2025-07-17 21:00:00,collision,Birkirkara,Birkirkara Valley Road,0,541,25.2,0.0,20.2,4.0,0.0
297731,0,2025-07-18 15:00:00,collision,,,0,288,26.0,0.0,11.8,0.0,0.0
297731,1,2025-07-19 16:30:00,collision,,,289,608,25.8,0.0,4.0,0.0,0.0
455412,0,2025-07-18 15:00:00,collision,Balluta,when the craft struck each other in the popular St,0,594,30.2,0.0,9.9,7.0,0.0
450477,0,2025-07-19 00:00:00,collision,Buqana,Magistrate Dr,0,616,24.2,0.0,2.3,0.0,0.0
297729,0,2025-07-20 12:30:00,collision,Swieqi,the Regional Road,0,2992,30.3,0.0,10.7,0.0,0.0
353524,0,2025-07-23 00:00:00,collision,Wied,clear road,0,3247,27.9,0.0,19.1,0.0,0.0
353518,0,2025-07-23 08:00:00,collision,Mosta,,0,900,29.4,0.0,0.5,0.0,0.0
353565,0,2025-07-24 08:00:00,collision,Naxxar,Police investigations are under way,0,485,29.6,0.0,5.6,0.0,0.0
353525,0,2025-07-24 08:00:00,rollover,Tarxien,,0,591,30.9,0.0,5.6,0.0,0.0
386207,0,2025-07-26 08:00:00,collision,Pembroke,old man from St,0,476,32.6,0.0,4.5,4.0,0.0
386270,0,2025-07-27 18:35:00,collision,Fgura,the busy Fgura road,0,1042,26.1,0.0,26.8,0.0,0.0
450529,0,2025-07-27 11:45:00,collision,Sliema,,0,522,28.7,0.0,32.0,0.0,0.0
386182,0,2025-07-28 00:00:00,unknown,,,0,8,25.8,0.0,42.8,0.0,0.0
386182,1,2025-07-27 18:00:00,collision,and,Marina Street,9,611,26.2,0.0,47.0,0.0,0.0
386182,2,2025-07-28 22:00:00,collision,,Ford Fiesta which was stopped by the side of the road,612,1104,25.5,0.0,42.8,0.0,0.0
386315,0,2025-07-27 22:00:00,collision,Hamrun,Ford Fiesta which was stopped by the side of the road,0,947,25.6,0.0,28.7,0.0,0.0
386315,1,2025-07-28 18:00:00,collision,,Marina Street,948,1137,25.8,0.0,43.1,0.0,0.0
386315,2,2025-07-28 15:00:00,collision,,the busy Fgura road,1138,1611,26.0,0.0,44.4,0.0,0.0
451726,0,2025-07-29 13:45:00,collision,Naxxar,,0,297,27.2,0.0,26.7,0.0,0.0
451726,1,2025-07-26 08:00:00,collision,two,,298,903,32.7,0.0,4.5,4.0,0.0
467167,0,2025-07-30 09:15:00,collision,Floriana,,0,1989,26.3,0.0,18.3,24.0,1.0
467110,0,2025-07-29 18:00:00,unknown,Hal Ghaxaq,,0,463,25.3,0.0,26.6,0.0,0.0
489424,0,2025-08-03 01:00:00,collision,Mosta,result of chronic failure to prioritise safety in road,0,2678,23.5,0.0,12.4,0.0,0.0
489339,0,2025-08-04 18:40:00,collision,Marsa,Mosta Road,0,1411,25.9,0.0,14.4,0.0,0.0
489475,0,2025-08-04 15:30:00,collision,Fgura,the busy Fgura road,0,1189,28.2,0.0,20.9,0.0,0.0
489370,0,2025-08-04 15:30:00,collision,Marsa,Aldo Moro Street,0,382,28.2,0.0,20.9,0.0,0.0
489370,1,2025-08-05 17:00:00,collision,,,383,785,24.8,0.0,24.9,0.0,0.0
489720,0,2025-08-06 00:00:00,collision,Naxxar,old Bulgarian resident of St,0,368,24.0,0.0,12.2,0.0,0.0
489720,1,2025-08-07 00:00:00,collision,,,369,823,25.0,0.0,13.4,0.0,0.0
489728,0,2025-08-06 00:00:00,collision,Naxxar,old Bulgarian resident of St,0,404,24.0,0.0,12.2,0.0,0.0
489728,1,2025-08-07 00:00:00,collision,serious,,405,879,25.0,0.0,13.4,0.0,0.0
489733,0,2025-08-07 09:56:00,collision,Santa Venera,Salon on Cannon Road,0,696,28.7,0.0,8.5,0.0,0.0
490010,0,2025-08-09 08:00:00,rollover,San Gwann,The road,0,595,28.1,0.0,11.9,0.0,0.0
489990,0,2025-08-07 08:00:00,collision,Santa Venera,Canon Road,0,1756,26.4,0.0,10.2,3.0,0.0
489878,0,2025-08-10 17:42:00,collision,Birkirkara,call road,0,1213,28.8,0.0,7.1,0.0,0.0
489889,0,2025-08-10 12:30:00,collision,Birkirkara,,0,1162,31.5,0.0,11.7,0.0,0.0
489884,0,2025-08-10 09:00:00,collision,Floriana,car on National Road,0,327,31.0,0.0,5.8,0.0,0.0
490008,0,2025-08-07 08:00:00,collision,,Cannon Road,0,1053,24.4,0.0,17.5,4.0,0.0
490101,0,2025-08-10 05:25:00,collision,Birkirkara,in Psaila Street,0,1507,24.4,0.0,8.1,0.0,0.0
490073,0,2025-08-11 12:00:00,collision,,in Psaila Street,0,743,25.3,0.0,4.3,0.0,0.0
489993,0,2025-08-10 19:00:00,collision,Mosta,Mosta Road,0,323,27.2,0.0,6.2,0.0,0.0
489993,1,2025-08-10 00:00:00,collision,,,323,520,26.5,0.0,15.0,0.0,0.0
490183,0,2025-08-12 08:00:00,collision,Valletta,Fort St Elmo,0,2971,28.5,0.0,5.7,0.0,0.0
490165,0,2025-08-12 08:00:00,collision,,in St,0,436,25.5,0.0,4.2,0.0,0.0
490160,0,2025-08-10 05:25:00,collision,Birkirkara,,0,3375,24.4,0.0,8.1,0.0,0.0
490329,0,2025-08-13 00:00:00,collision,Marsa,Aldo Moro Road,0,1231,25.6,0.0,7.6,0.0,0.0
490371,0,2025-08-14 08:00:00,collision,Pembroke,the Coast Road,0,635,28.3,0.0,3.8,0.0,0.0
490568,0,2025-08-14 05:30:00,collision,Pembroke,,0,491,24.7,0.0,1.9,0.0,0.0
490568,1,2025-08-10 08:00:00,unknown,,,492,690,25.4,0.0,7.0,0.0,0.0
490632,0,2025-08-17 00:00:00,rollover,Marsa,Aldo Moro Road,0,1265,25.8,0.0,5.1,23.0,1.0
490684,0,2025-08-17 15:00:00,collision,Naxxar,The northbound lane of the coast road,0,492,28.7,0.0,14.2,7.0,0.0
490653,0,2025-08-14 08:00:00,collision,Pembroke,,0,1077,28.3,0.0,3.8,0.0,0.0
490697,0,2025-08-18 00:00:00,collision,Valletta,written by NGO Doctors For Road,0,3270,24.9,0.0,4.8,0.0,0.0
490746,0,2025-08-18 00:00:00,collision,Santa Venera,Cannon Road,0,3673,24.9,0.0,4.8,0.0,0.0
490815,0,2025-08-18 08:00:00,pedestrian,Zabbar,,0,343,27.2,0.0,7.8,21.0,1.0
491011,0,2025-08-21 08:00:00,collision,Sliema,Tower Road,0,361,29.0,0.0,18.2,0.0,0.0
491118,0,2025-08-21 00:00:00,unknown,,to address road,0,158,26.9,0.0,24.9,0.0,0.0
491118,1,2025-08-21 06:00:00,collision,just,Tower Road,159,2144,26.1,0.0,14.2,0.0,0.0
491226,0,2025-08-22 08:00:00,collision,Birkirkara,on Sir Anthony Mamo street,0,910,27.2,0.0,13.9,0.0,0.0
491307,0,2025-08-22 05:30:00,collision,Birkirkara,on Friday on Sir Anthony Mamo Street,0,786,25.3,0.0,13.1,0.0,0.0
491334,0,2025-08-24 00:00:00,collision,Pembroke,,0,868,24.9,0.0,17.3,0.0,0.0
491371,0,2025-08-24 00:00:00,collision,Sliema,Tower Road,0,1869,25.0,0.0,17.3,0.0,0.0
491489,0,2025-08-22 05:30:00,collision,Birkirkara,on Sir Anthony Mamo Street,0,1151,25.3,0.0,13.1,0.0,0.0
491557,0,2025-08-26 05:10:00,collision,Sliema,Tower Road,0,397,22.6,0.0,0.4,100.0,3.0
491707,0,2025-08-26 18:00:00,collision,Zebbug,Attard Road,0,493,26.0,0.0,19.7,2.0,0.0
491720,0,2025-08-27 08:00:00,collision,Bahar,old Bulgarian national living in St,0,1290,27.0,0.0,4.3,0.0,0.0
492026,0,2025-08-29 08:00:00,collision,Bahar,old Bulgarian national living in St,0,1366,27.9,0.0,12.9,0.0,0.0
492029,0,2025-08-27 21:00:00,collision,Rabat,The couple live in St,0,1898,25.0,0.0,15.1,0.0,0.0
492115,0,2025-08-29 15:00:00,collision,Marsa,Police investigations are under way,0,600,28.5,0.0,25.0,100.0,3.0
492291,0,2025-08-31 08:00:00,collision,Qormi,,0,765,26.8,0.0,14.5,0.0,0.0
492646,0,2025-09-03 15:00:00,collision,,Sicily motorway,0,888,26.3,0.0,22.9,96.0,3.0
492654,0,2025-09-03 18:00:00,collision,Zebbug,Ragusa state road,0,891,25.5,0.0,27.1,28.0,1.0
492806,0,2025-09-04 15:00:00,collision,Gzira,,0,590,28.6,0.0,7.6,7.0,0.0
492962,0,2025-09-07 21:10:00,collision,,,0,1104,25.8,0.0,9.0,26.0,1.0
493044,0,2025-09-07 15:00:00,collision,Luqa,,0,539,29.4,0.0,10.5,100.0,3.0
493372,0,2025-09-11 08:00:00,motorcycle_fall,,Wottan Storm,0,407,26.9,0.0,10.0,52.0,2.0
493542,0,2025-09-12 15:00:00,collision,Marsa,corner at the top of the street,0,1352,28.8,0.0,10.7,2.0,0.0
493598,0,2025-09-12 15:00:00,collision,Marsa,,0,555,28.8,0.0,10.7,2.0,0.0
493702,0,2025-09-14 00:00:00,unknown,Zabbar,,0,723,24.0,0.0,2.3,0.0,0.0
493664,0,2025-09-13 21:00:00,collision,Marsa,,0,501,24.8,0.0,3.1,0.0,0.0
493670,0,2025-09-13 21:00:00,unknown,,,0,86,26.0,0.0,6.9,0.0,0.0
493670,1,2025-09-14 23:00:00,collision,,the St Paul's,86,345,25.5,0.0,12.4,16.0,0.0
493670,2,2025-09-14 01:30:00,collision,,,346,796,25.9,0.0,7.4,0.0,0.0
493898,0,2025-09-16 15:00:00,collision,,Republic Street,0,316,26.3,0.0,9.0,0.0,0.0
493983,0,2025-09-16 18:00:00,collision,Zabbar,,0,536,27.1,0.0,8.4,0.0,0.0
494102,0,2025-09-17 00:00:00,collision,St Paul's Bay,minor road,0,3568,23.6,0.0,3.9,0.0,0.0
494209,0,2025-09-18 18:00:00,collision,Bormla,,0,766,26.5,0.0,13.6,3.0,0.0
494363,0,2025-09-20 13:30:00,collision,Gharb,,0,826,25.2,0.0,25.2,2.0,0.0
494368,0,2025-09-20 13:30:00,collision,Gharb,,0,1157,25.2,0.0,25.2,2.0,0.0
494438,0,2025-09-21 08:30:00,collision,Pieta,,0,242,26.1,0.0,8.3,3.0,0.0
494571,0,2025-09-22 18:00:00,collision,San Gwann,Bella Vista Street,0,356,25.9,0.0,10.1,0.0,0.0
494727,0,2025-09-24 08:00:00,collision,Marsalforn,,0,292,25.9,0.0,16.9,100.0,3.0
494856,0,2025-09-25 15:00:00,collision,St Julian's,old man from St,0,505,26.5,0.0,12.8,0.0,0.0
494910,0,2025-09-25 18:00:00,collision,Tarxien,,0,516,24.0,0.0,10.0,3.0,0.0
495320,0,2025-09-30 00:00:00,collision,Naxxar,Naxxar Road,0,1384,22.5,0.0,11.3,97.0,3.0
495442,0,2025-10-02 15:00:00,rollover,Mriehel,,0,64,23.5,0.0,27.7,20.0,1.0
495442,1,2025-10-02 00:00:00,collision,,Police said that the road,64,543,25.5,0.0,37.2,9.0,0.0
495504,0,2025-10-02 08:00:00,collision,Qala,Police investigations are under way,0,498,22.6,0.0,38.6,9.0,0.0
495595,0,2025-10-02 16:20:00,run-off-road,,tragic road accident in Croatia when their car veered off the road,0,1044,23.2,0.0,42.6,30.0,1.0
495731,0,2025-10-02 15:00:00,collision,Swieqi,Adriatic Coast,0,2589,23.2,0.0,27.7,20.0,1.0
495807,0,2025-10-04 23:00:00,collision,Gudja,crash in the opposite lane,0,776,19.7,0.0,8.0,7.0,0.0
495802,0,2025-10-05 08:00:00,collision,Bugibba,St Vincent de Paul Residence,0,3641,23.3,0.0,13.7,77.0,2.0
495896,0,2025-10-02 00:00:00,collision,,state road,0,2123,25.5,0.0,37.2,9.0,0.0
495942,0,2025-10-06 00:00:00,collision,St Paul's Bay,narrow street,0,2462,23.6,0.1,22.3,35.0,51.0
496006,0,2025-10-07 15:00:00,collision,Saqqajja,The accident happened on the roundabout,0,1260,21.4,0.0,26.2,10.0,0.0
495969,0,2025-10-07 08:00:00,collision,Bugibba,car while crossing the road,0,2118,20.7,0.0,25.0,2.0,0.0
496158,0,2025-10-04 09:30:00,collision,Balluta,Adriatic,0,3583,21.5,0.0,15.7,35.0,1.0
496202,0,2025-10-09 08:00:00,collision,Zurrieq,,0,696,21.1,0.0,2.6,0.0,0.0
496362,0,2025-10-10 09:00:00,collision,Ghajnsielem,along that stretch of road,0,1231,21.2,0.0,9.3,0.0,0.0
496362,1,2025-10-10 08:00:00,unknown,,,1232,1582,22.0,0.0,11.0,0.0,0.0
496773,0,2025-10-09 00:00:00,collision,Valletta,Magistrate Dr,0,644,20.1,0.0,6.4,0.0,0.0
496774,0,2025-06-19 00:00:00,collision,Gudja,,0,524,23.3,0.0,8.7,2.0,0.0
496775,0,2025-05-12 00:00:00,collision,Qormi,Valley Road,0,484,19.0,0.0,7.0,99.0,3.0
496776,0,2025-07-29 00:00:00,collision,Hal Ghaxaq,,0,569,24.7,0.0,28.4,0.0,0.0
496777,0,2025-04-06 18:00:00,collision,Buqana,,0,526,16.2,0.0,16.6,89.0,3.0
496778,0,2025-04-15 08:00:00,collision,Marsa,,0,654,20.2,0.0,26.8,98.0,3.0
496779,0,2025-07-23 00:00:00,collision,Mosta,Mosta Road,0,903,27.5,0.0,19.9,0.0,0.0
496780,0,2025-08-03 08:00:00,collision,Barrani,,0,582,24.7,0.0,21.7,3.0,0.0
496781,0,2025-06-11 15:00:00,collision,Naxxar,John Adye Street,0,563,28.7,0.0,6.1,0.0,0.0
496782,0,2024-12-28 08:00:00,collision,Zabbar,St James Square,0,939,13.9,0.0,12.8,13.0,0.0
496783,0,2025-03-16 08:00:00,collision,Haz-Zabbar,the Coast Road,0,525,15.9,0.0,22.0,0.0,0.0
496784,0,2025-04-22 00:00:00,collision,Kalkara,,0,451,15.8,0.1,19.5,100.0,51.0
496785,0,2025-05-08 00:00:00,collision,Ghajnsielem,Zabbar Road,0,471,18.6,0.0,2.7,0.0,0.0
496786,0,2025-06-13 18:00:00,collision,Xewkija,,0,456,24.2,0.0,16.9,13.0,0.0
496787,0,2025-09-21 00:00:00,collision,Valletta,Sa Maison Street,0,466,23.4,0.0,4.0,1.0,0.0
496788,0,2025-04-17 00:00:00,collision,Santa Lucija,Luqa Road,0,454,16.4,0.0,24.5,100.0,3.0
496789,0,2025-02-21 08:00:00,collision,,,0,568,14.2,0.0,19.8,50.0,2.0
496790,0,2024-12-22 00:00:00,collision,,,0,468,16.0,0.0,27.7,100.0,3.0
496791,0,2025-02-21 00:00:00,collision,Floriana,,0,484,13.0,0.0,12.7,43.0,1.0
496792,0,2025-09-13 21:00:00,collision,Marsa,Magistrate Dr,0,561,24.8,0.0,3.1,0.0,0.0
496793,0,2025-08-29 15:00:00,collision,Marsa,,0,588,28.5,0.0,25.0,100.0,3.0
496794,0,2024-12-13 00:00:00,collision,Gudja,who at the time was on the side of the road,0,734,17.7,0.0,20.6,79.0,2.0
496795,0,2025-05-07 00:00:00,collision,,,0,481,19.4,0.0,22.0,31.0,1.0
496796,0,2025-05-07 00:00:00,collision,Ghar,,0,537,19.2,0.0,13.9,54.0,2.0
496797,0,2024-12-27 00:00:00,collision,Marsa,,0,563,13.5,0.0,17.6,25.0,1.0
496798,0,2025-05-04 00:00:00,collision,Marsa,Magistrate Dr,0,525,16.9,0.0,4.1,0.0,0.0
496799,0,2025-01-07 21:00:00,collision,Attard,Magistrate Dr,0,624,15.4,0.0,20.0,14.0,0.0
496800,0,2025-10-04 18:00:00,collision,Gudja,the Hyundai veered into the opposite lane,0,996,20.3,0.0,10.4,2.0,0.0
496801,0,2025-06-04 00:00:00,collision,Marsa,,0,506,21.0,0.0,14.5,0.0,0.0
496802,0,2025-09-17 00:00:00,collision,Zurrieq,Magistrate Dr,0,592,23.0,0.0,3.9,0.0,0.0
496803,0,2025-04-18 00:00:00,collision,Burmarrad,,0,517,14.7,0.0,7.2,100.0,3.0
496804,0,2025-07-06 00:00:00,collision,Mosta,Magistrate Dr,0,569,25.1,0.0,0.2,0.0,0.0
496805,0,2025-04-17 00:00:00,collision,Tal-Barrani,Tal-Barrani Road,0,536,16.4,0.0,24.5,100.0,3.0
496806,0,2025-05-15 00:00:00,collision,Rabat,Regional Road,0,496,17.6,0.0,24.0,100.0,3.0
496807,0,2025-06-19 18:00:00,collision,L-Imdina,Magistrate Dr,0,774,24.4,0.0,6.1,23.0,1.0
496808,0,2025-09-16 00:00:00,motorcycle_fall,Birkirkara,old German man who lives in St,0,566,23.1,0.0,1.5,0.0,0.0
496809,0,2025-04-01 00:00:00,collision,Naxxar,,0,452,13.6,0.8,15.9,66.0,53.0
496810,0,2025-08-18 15:00:00,collision,Zabbar,Luqa Road,0,484,30.0,0.0,7.9,12.0,0.0
496811,0,2025-09-24 00:00:00,collision,Marsalforn,,0,528,26.0,0.0,13.6,8.0,0.0
496812,0,2025-01-24 21:00:00,collision,Birkirkara,in Mikiel Anton Vassalli Street,0,634,15.8,0.0,22.3,0.0,0.0
496813,0,2025-02-15 00:00:00,collision,Iklin,Valley Road,0,502,13.6,0.0,17.5,75.0,2.0
496814,0,2025-02-19 00:00:00,collision,Fgura,,0,555,11.8,0.0,2.6,30.0,1.0
496815,0,2025-02-09 00:00:00,collision,,,0,483,14.6,0.0,32.3,81.0,3.0
496816,0,2025-07-26 08:00:00,collision,Pembroke,old man residing in St,0,645,32.6,0.0,4.5,4.0,0.0
496817,0,2025-07-01 00:00:00,collision,Borg Gharib,,0,445,26.1,0.0,14.7,0.0,0.0
496818,0,2024-12-23 08:00:00,collision,Marsaskala,Magistrate Dr,0,732,16.6,0.0,42.2,58.0,2.0
496819,0,2025-02-01 00:00:00,collision,Hal Farrug,Hal Farrug Road,0,328,14.5,0.0,18.6,30.0,1.0
496819,1,2025-02-01 00:00:00,collision,hospital,Argens Street,328,851,16.1,0.0,29.8,28.0,1.0
496820,0,2025-02-17 00:00:00,collision,Qala,Giorgio Borg Olivier Street,0,627,14.5,0.0,23.0,0.0,0.0
496821,0,2025-04-13 00:00:00,collision,Naxxar,the Coast Road,0,1124,15.4,0.0,7.0,75.0,2.0
496822,0,2025-01-16 00:00:00,collision,Mosta,,0,503,9.7,0.0,1.1,9.0,0.0
496823,0,2025-06-04 00:00:00,collision,St Paul's Bay,Kennedy Drive,0,552,20.9,0.0,14.9,0.0,0.0
496824,0,2025-10-06 00:00:00,collision,Naxxar,,0,466,23.4,0.1,22.3,35.0,51.0
496825,0,2025-08-10 18:00:00,motorcycle_fall,San Gwann,Mosta Road,0,445,29.5,0.0,7.7,0.0,0.0
496826,0,2025-01-25 15:00:00,collision,Naxxar,the Coast Road,0,546,16.9,0.0,11.1,100.0,3.0
496827,0,2025-08-06 00:00:00,unknown,,,0,117,25.0,0.0,23.6,0.0,0.0
496827,1,2025-08-07 00:00:00,collision,-,Salina Street,117,392,23.2,0.0,5.1,0.0,0.0
496827,2,2025-08-07 00:00:00,collision,by,Cospicua Road,392,936,25.0,0.0,13.4,0.0,0.0
496828,0,2024-12-27 12:00:00,collision,Hotba,,0,489,14.7,0.4,19.3,81.0,51.0
496829,0,2025-08-17 15:00:00,collision,Naxxar,the Coast Road,0,656,28.7,0.0,14.2,7.0,0.0
496830,0,2025-09-16 00:00:00,collision,Rabat,Republic Street,0,463,22.2,0.0,1.5,0.0,0.0
496831,0,2024-12-25 00:00:00,rollover,Zejtun,traffic accident in Mikiel Anton Vassalli Street,0,554,11.4,0.0,28.2,15.0,0.0
496832,0,2025-05-27 15:00:00,collision,Qormi,traffic accident in St,0,554,22.6,0.0,19.3,0.0,0.0
496833,0,2025-04-18 08:00:00,collision,Rabat,Magistrate Dr,0,615,16.6,0.0,17.8,18.0,0.0
496834,0,2025-05-24 00:00:00,collision,Marsa,Aldo Moro Street,0,518,19.0,0.0,20.3,0.0,0.0
496835,0,2024-12-19 00:00:00,collision,Balzan,,0,466,15.6,0.0,15.3,29.0,1.0
496836,0,2025-03-28 00:00:00,unknown,Tal-Balal,Tal-Balal Road,0,512,14.9,0.0,35.2,26.0,1.0
496837,0,2025-07-09 00:00:00,collision,Mosta,traffic accident in Mikiel Anton Vassalli Street,0,538,27.0,0.0,15.2,0.0,0.0
496838,0,2025-09-25 00:00:00,collision,St Julian's,Republic Street,0,525,24.4,0.0,12.2,4.0,0.0
496839,0,2025-08-04 00:00:00,collision,Gharghur,,0,470,23.7,0.0,17.5,0.0,0.0
496840,0,2024-12-22 00:00:00,unknown,Naxxar,Salini Street,0,823,13.9,0.0,15.9,73.0,2.0
496841,0,2025-07-23 00:00:00,collision,Gzira,,0,464,27.9,0.0,19.1,0.0,0.0
496842,0,2025-07-24 08:00:00,rollover,San Anard,Magistrate Dr,0,670,26.0,0.0,9.0,0.0,0.0
496843,0,2025-05-02 15:00:00,collision,L-Imgarr,Magistrate Dr,0,633,22.8,0.0,11.1,0.0,0.0
496844,0,2025-02-16 00:00:00,collision,Siggiewi,,0,470,12.4,0.2,36.0,59.0,51.0
496845,0,2025-02-04 00:00:00,collision,Zejtun,,0,603,11.4,0.0,4.9,0.0,0.0
496846,0,2025-07-10 00:00:00,collision,Siggiewi,,0,460,24.2,0.0,3.3,0.0,0.0
496847,0,2025-09-04 00:00:00,collision,Gzira,,0,632,24.2,0.0,3.8,0.0,0.0
496848,0,2025-04-13 00:00:00,collision,Birzebbuga,traffic accident in Birzebbuga Road,0,462,15.7,0.0,8.1,97.0,3.0
496849,0,2025-07-24 00:00:00,collision,Mellieha,Salina Road,0,428,24.7,0.0,3.3,0.0,0.0
496850,0,2025-05-12 00:00:00,collision,Sliema,traffic accident in St Joseph High Road,0,507,19.4,0.0,7.4,100.0,3.0
496851,0,2025-02-03 00:00:00,collision,Palma,,0,463,12.6,0.0,10.0,16.0,0.0
496852,0,2025-01-15 00:00:00,collision,Marsa,,0,385,11.7,0.1,15.2,100.0,51.0
496852,1,2025-01-15 00:00:00,motorcycle_fall,,,385,826,13.4,1.5,42.3,96.0,61.0
496853,0,2025-06-12 00:00:00,collision,Marsa,Magistrate Dr,0,728,23.2,0.0,5.0,0.0,0.0
496854,0,2025-09-20 00:00:00,collision,L-Gharb,,0,1280,25.3,0.0,28.3,2.0,0.0
496855,0,2024-12-11 00:00:00,collision,Swieqi,,0,490,14.2,0.0,9.8,0.0,0.0
496856,0,2025-01-06 00:00:00,collision,Fgura,,0,835,13.9,0.0,5.7,2.0,0.0
496857,0,2025-07-27 00:00:00,collision,Fgura,Hompesch Street,0,1054,26.1,0.0,30.9,0.0,0.0
496858,0,2025-05-26 15:00:00,collision,,Magistrate Dr,0,578,19.9,0.0,18.3,0.0,0.0
496859,0,2025-10-02 08:00:00,collision,L-Imgarr,,0,584,22.3,0.0,25.8,29.0,1.0
496860,0,2025-01-15 00:00:00,collision,Zurrieq,Blue Grotto Avenue,0,457,11.1,0.2,20.2,100.0,51.0
496861,0,2025-02-24 00:00:00,collision,Mellieha,,0,429,10.5,0.0,1.5,0.0,0.0
496861,1,2025-02-25 00:00:00,collision,investigations,,429,1022,14.8,0.0,9.4,1.0,0.0
496862,0,2025-04-26 00:00:00,motorcycle_fall,Floriana,,0,428,15.6,0.0,13.3,64.0,2.0
496863,0,2024-12-13 00:00:00,collision,Qormi,Magistrate Dr,0,595,18.1,0.0,19.3,80.0,3.0
496864,0,2025-09-28 00:00:00,collision,Ghar,,0,474,22.3,0.0,8.4,100.0,3.0
496865,0,2025-10-04 00:00:00,collision,Ta' Lawrenti,,0,562,18.4,0.0,26.1,100.0,3.0
496866,0,2025-10-04 00:00:00,collision,St Paul's Bay,resident in St,0,606,19.3,0.0,26.1,100.0,3.0
496867,0,2025-08-22 08:00:00,collision,Birkirkara,old woman from St,0,844,27.2,0.0,13.9,0.0,0.0
496868,0,2025-04-06 00:00:00,collision,Birkirkara,Magistrate Dr,0,583,12.9,0.0,0.6,0.0,0.0
496869,0,2025-05-02 00:00:00,collision,Xaghra,,0,725,17.4,0.0,14.8,0.0,0.0
496870,0,2025-07-14 00:00:00,collision,Marsaxlokk,,0,469,25.3,0.0,9.0,0.0,0.0
496871,0,2025-08-31 00:00:00,collision,Qormi,Cottoner Avenue,0,470,25.0,0.0,16.7,0.0,0.0
496872,0,2025-02-08 00:00:00,motorcycle_fall,Rabat,,0,709,12.1,2.0,31.9,100.0,61.0
496873,0,2024-12-11 00:00:00,collision,Mellieha,skip which was stationary on the road,0,710,14.4,0.0,9.8,0.0,0.0
496874,0,2025-02-09 21:00:00,collision,Zurrieq,,0,971,12.8,0.0,11.8,9.0,0.0
496875,0,2025-04-13 00:00:00,collision,Marsaxlokk,,0,538,15.7,0.0,8.1,97.0,3.0
496876,0,2025-08-26 00:00:00,collision,Attard,Attard Road,0,475,22.8,0.0,3.2,1.0,0.0
496877,0,2025-01-22 00:00:00,collision,Sliema,,0,557,13.2,0.0,7.6,88.0,3.0
496878,0,2025-06-19 15:00:00,collision,Floriana,,0,554,28.1,0.0,6.4,22.0,1.0
496879,0,2025-02-05 00:00:00,motorcycle_fall,Haz-Zebbug,,0,442,11.3,0.0,1.4,0.0,0.0
496880,0,2024-12-19 00:00:00,collision,Naxxar,Magistrate Dr,0,626,15.6,0.0,15.3,29.0,1.0
496881,0,2025-03-16 00:00:00,collision,Zebbug,,0,589,15.8,0.0,35.9,94.0,3.0
496882,0,2025-07-17 00:00:00,collision,Wied,,0,542,26.0,0.0,16.6,0.0,0.0
496883,0,2025-08-12 00:00:00,collision,Gwardamanga,traffic accident in St,0,723,25.4,0.0,1.7,0.0,0.0
